"","mature5p_seq","mature3p_seq"
"1","UGAGGUAGUAGGUUGUAUAGUU","CUAUACAAUCUACUGUCUUUC"
"2","UGAGGUAGUAGGUUGUGUGGUU","CUAUACAACCUACUGCCUUCCC"
"3","UGAGGUAGUAGGUUGUAUGGUU","CUGUACAACCUUCUAGCUUUCC"
"4","AGAGGUAGUAGGUUGCAUAGUU","CUAUACGACCUGCUGCCUUUCU"
"5","UGAGGUAGGAGGUUGUAUAGUU","CUAUACGGCCUCCUAGCUUUCC"
"6","UGAGGUAGUAGAUUGUAUAGUU","CUAUACAAUCUAUUGCCUUCCC"
"7","UGAGGUAGUAGUUUGUACAGUU","CUGUACAGGCCACUGCCUUGC"
"8","UGAGGUAGUAGUUUGUGCUGUU","CUGCGCAAGCUACUGCCUUGCU"
"9","ACAUACUUCUUUAUAUGCCCAU","UGGAAUGUAAAGAAGUAUGUAU"
"10","UGGAAGACUAGUGAUUUUGUUGU","CAACAAAUCACAGUCUGCCAUA"
"11","UCUUUGGUUAUCUAGCUGUAUGA","AUAAAGCUAGAUAACCGAAAGU"
"12","UACCCUGUAGAUCCGAAUUUGUG","CAAAUUCGUAUCUAGGGGAAUA"
"13","UACCCUGUAGAACCGAAUUUGUG","ACAGAUUCGAUUCUAGGGGAAU"
"14","UAGCAGCACAUAAUGGUUUGUG","CAGGCCAUAUUGUGCUGCCUCA"
"15","UAGCAGCACAUCAUGGUUUACA","CGAAUCAUUAUUUGCUGCUCUA"
"16","UAGCAGCACGUAAAUAUUGGCG","CCAGUAUUAACUGUGCUGCUGA"
"17","CAAAGUGCUUACAGUGCAGGUAG","ACUGCAGUGAAGGCACUUGUAG"
"18","UAAGGUGCAUCUAGUGCAGAUAG","ACUGCCCUAAGUGCUCCUUCUGG"
"19","UAAGGUGCAUCUAGUGCAGUUAG","UGCCCUAAAUGCCCCUUCUGGC"
"20","AGUUUUGCAUAGUUGCACUACA","UGUGCAAAUCUAUGCAAAACUGA"
"21","AGUUUUGCAGGUUUGCAUCCAGC","UGUGCAAAUCCAUGCAAAACUGA"
"22","UAAAGUGCUUAUAGUGCAGGUAG","ACUGCAUUAUGAGCACUUAAAG"
"23","CAAAGUGCUCAUAGUGCAGGUAG","ACUGUAGUAUGGGCACUUCCAG"
"24","UAGCUUAUCAGACUGAUGUUGA","CAACACCAGUCGAUGGGCUGU"
"25","AGUUCUUCAGUGGCAAGCUUUA","AAGCUGCCAGUUGAAGAACUGU"
"26","GGGGUUCCUGGGGAUGGGAUUU","AUCACAUUGCCAGGGAUUUCC"
"27","UGGGUUCCUGGCAUGCUGAUUU","AUCACAUUGCCAGGGAUUACC"
"28","","AUCACAUUGCCAGUGAUUACCC"
"29","UGCCUACUGAGCUGAUAUCAGU","UGGCUCAGUUCAGCAGGAACAG"
"30","AGGCGGAGACUUGGGCAAUUG","CAUUGCACUUGUCUCGGUCUGA"
"31","UUCAAGUAAUCCAGGAUAGGCU","CCUAUUCUUGGUUACUUGCACG"
"32","UUCAAGUAAUUCAGGAUAGGU","CCUGUUCUCCAUUACUUGGCUC"
"33","AGGGCUUAGCUGCUUGUGAGCA","UUCACAGUGGCUAAGUUCCGC"
"34","AGAGCUUAGCUGAUUGGUGAAC","UUCACAGUGGCUAAGUUCUGC"
"35","AAGGAGCUCACAGUCUAUUGAG","CACUAGAUUGUGAGCUCCUGGA"
"36","ACUGAUUUCUUUUGGUGUUCAG","UAGCACCAUCUGAAAUCGGUUA"
"37","GCUGGUUUCAUAUGGUGGUUUAGA","UAGCACCAUUUGAAAUCAGUGUU"
"38","UGACCGAUUUCUCCUGGUGUUC","UAGCACCAUUUGAAAUCGGUUA"
"39","UGUAAACAUCCUCGACUGGAAG","CUUUCAGUCGGAUGUUUGCAGC"
"40","UGUAAACAUCCUACACUCAGCU","CUGGGAGGUGGAUGUUUACUUC"
"41","UGUAAACAUCCUACACUCUCAGC","CUGGGAGAGGGUUGUUUACUCC"
"42","UGUAAACAUCCCCGACUGGAAG","CUUUCAGUCAGAUGUUUGCUGC"
"43","UGUAAACAUCCUUGACUGGAAG","CUUUCAGUCGGAUGUUUACAGC"
"44","AGGCAAGAUGCUGGCAUAGCU","UGCUAUGCCAACAUAUUGCCAU"
"45","UAUUGCACAUUACUAAGUUGCA","CAAUUUAGUGUGUGUGAUAUUU"
"46","GUGCAUUGUAGUUGCAUUGCA","CAAUGUUUCCACAGUGCAUCAC"
"47","GUGCAUUGCUGUUGCAUUGC","CAGUGCCUCGGCAGUGCAGCCC"
"48","UGGCAGUGUCUUAGCUGGUUGU","CAAUCAGCAAGUAUACUGCCCU"
"49","UAGGCAGUGUCAUUAGCUGAUUG","CAAUCACUAACUCCACUGCCAU"
"50","AGGCAGUGUAGUUAGCUGAUUGC","AAUCACUAACCACACGGCCAGG"
"51","AGGUUGGGAUCGGUUGCAAUGCU","UAUUGCACUUGUCCCGGCCUGU"
"52","AGGGACGGGACGCGGUGCAGUG","UAUUGCACUCGUCCCGGCCUCC"
"53","CAAAGUGCUGUUCGUGCAGGUAG","ACUGCUGAGCUAGCACUUCCCG"
"54","UCAAUAAAUGUCUGUUGAAUU","UUCAACGGGUAUUUAUUGAGCA"
"55","UUUGGCACUAGCACAUUUUUGCU","AAUCAUGUGCAGUGCCAAUAUG"
"56","UGAGGUAGUAAGUUGUAUUGUU","CUAUACAACUUACUACUUUCCC"
"57","AACCCGUAGAUCCGAUCUUGUG","CAAGCUCGCUUCUAUGGGUCUG"
"58","CACCCGUAGAACCGACCUUGCG","CAAGCUCGUGUCUGUGGGUCCG"
"59","AACCCGUAGAUCCGAACUUGUG","CAAGCUUGUAUCUAUAGGUAUG"
"60","CAGUUAUCACAGUGCUGAUGCU","UACAGUACUGUGAUAACUGAA"
"61","","AGCAGCAUUGUACAGGGCUAUGA"
"62","UCAUAGCCCUGUACAAUGCUGCU",""
"63","UCAAAUGCUCAGACUCCUGUGGU","ACGGAUGUUUGAGCAUGUGCUA"
"64","AAAAGUGCUUACAGUGCAGGUAG","CUGCAAUGUAAGCACUUCUUAC"
"65","UAAAGUGCUGACAGUGCAGAU","CCGCACUGUGGGUACUUGCUGC"
"66","","AGCAGCAUUGUACAGGGCUAUCA"
"67","UGGAGUGUGACAAUGGUGUUUG","AACGCCAUUAUCACACUAAAUA"
"68","CGUGUUCACAGCGGACCUUGAU","UAAGGCACGCGGUGAAUGCC"
"69","UCCCUGAGACCCUUUAACCUGUGA","ACAGGUGAGGUUCUUGGGAGCC"
"70","UCCCUGAGACCCUAACUUGUGA","ACGGGUUAGGCUCUUGGGAGCU"
"71","CAUUAUUACUUUUGGUACGCG","UCGUACCGUGAGUAAUAAUGCG"
"72","CUGAAGCUCAGAGGGCUCUGAU","UCGGAUCCGUCUGAGCUUGGCU"
"73","CGGGGCCGUAGCACUGUCUGAGA","UCACAGUGAACCGGUCUCUUU"
"74","CUUUUUGCGGUCUGGGCUUGC","AAGCCCUUACCCCAAAAAGUAU"
"75","UUCACAUUGUGCUACUGUCUGC","CAGUGCAAUGUUAAAAGGGCAU"
"76","ACUCUUUCCCUGUUGCACUAC","CAGUGCAAUGAUGAAAGGGCAU"
"77","ACCGUGGCUUUCGAUUGUUACU","UAACAGUCUACAGCCAUGGUCG"
"78","AGCUGGUAAAAUGGAACCAAAU","UUUGGUCCCCUUCAACCAGCUG"
"79","","UUUGGUCCCCUUCAACCAGCUA"
"80","UGUGACUGGUUGACCAGAGGGG","CCUGUGGGCCACCUAGUCACCAA"
"81","UAUGGCUUUUUAUUCCUAUGUGA","UAUAGGGAUUGGAGCCGUGGCG"
"82","UAUGGCUUUUCAUUCCUAUGUGA","AUGUAGGGCUAAAAGCCAUGGG"
"83","ACUCCAUUUGUUUUGAUGAUGGA","CAUCAUCGUCUCAAAUGAGUCU"
"84","","UUAUUGCUUAAGAAUACGCGUAG"
"85","AGCUGGUGUUGUGAAUCAGGCCG","GCUACUUCACAACACCAGGGCC"
"86","UCUACAGUGCACGUGUCUCCAGU","UGGAGACGCGGCCCUGUUGGAGU"
"87","CAGUGGUUUUACCCUAUGGUAG","UACCACAGGGUAGAACCACGG"
"88","CAUCUUCCAGUACAGUGUUGGA","UAACACUGUCUGGUAAAGAUGG"
"89","CAUAAAGUAGAAAGCACUACU","UGUAGUGUUUCCUACUUUAUGGA"
"90","GGUGCAGUGCUGCAUCUCUGGU","UGAGAUGAAGCACUGUAGCUC"
"91","GGAUAUCAUCAUAUACUGUAAG","UACAGUAUAGAUGAUGUACU"
"92","GUCCAGUUUUCCCAGGAAUCCCU","GGAUUCCUGGAAAUACUGUUCU"
"93","UGAGAACUGAAUUCCAUGGGUU","CCUCUGAAAUUCAGUUCUUCAG"
"94","UGAGAACUGAAUUCCAUAGGCU","UGCCCUGUGGACUCAGUUCUGG"
"95","","GUGUGUGGAAAUGCUUCUGC"
"96","","GUGUGCGGAAAUGCUUCUGCUA"
"97","AAAGUUCUGAGACACUCCGACU","UCAGUGCACUACAGAACUUUGU"
"98","AAGUUCUGUUAUACACUCAGGC","UCAGUGCAUCACAGAACUUUGU"
"99","UCUGGCUCCGUGUCUUCACUCCC","AGGGAGGGACGGGGGCUGUGC"
"100","UCUCCCAACCCUUGUACCAGUG","CUGGUACAGGCCUGGGGGACAG"
"101","UCGAGGAGCUCACAGUCUAGU","CUAGACUGAAGCUCCUUGAGG"
"102","","UCGAGGAGCUCACAGUCU"
"103","AGGUUCUGUGAUACACUCCGACU","UCAGUGCAUGACAGAACUUGG"
"104","UCAUUUUUGUGAUGUUGCAGCU","UUGCAUAGUCACAAAAGUGAUC"
"105","UAGGUUAUCCGUGUUGCCUUCG","AAUCAUACACGGUUGACCUAUU"
"106","UUAAUGCUAAUCGUGAUAGGGGU","CUCCUACAUAUUAGCAUUAACA"
"107","AACAUUCAACGCUGUCGGUGAGU","ACCAUCGACCGUUGAUUGUACC"
"108","AACAUUCAUUGCUGUCGGUGGGU","CUCACUGAACAAUGAAUGCAA"
"109","AACAUUCAACCUGUCGGUGAGU","AACCAUCGACCGUUGAGUGGAC"
"110","AACAUUCAUUGUUGUCGGUGGGU","CCACCGGGGGAUGAAUGUCAC"
"111","UUUGGCAAUGGUAGAACUCACACU","UGGUUCUAGACUUGCCAACUA"
"112","UAUGGCACUGGUAGAAUUCACU","GUGAAUUACCGAAGGGCCAUAA"
"113","","UGGACGGAGAACUGAUAAGGGU"
"114","UGGAGAGAAAGGCAGUUCCUGA","AGGGGCUGGCUUUCCUCUGGUC"
"115","CAAAGAAUUCUCCUUUUGGGCU","GCCCAAAGGUGAAUUUUUUGGG"
"116","GGCUACAACACAGGACCCGGGC","UCGUGUCUUGUGUUGCAGCCGG"
"117","CAUCCCUUGCAUGGUGGAGGG","CUCCCACAUGCAGGGUUUGCA"
"118","UGAUAUGUUUGAUAUAUUAGGU","CUAUAUAUCAAACAUAUUCCU"
"119","UGAUAUGUUUGAUAUUGGGUU",""
"120","CAACGGAAUCCCAAAAGCAGCUG","GCUGCGCUUGGAUUUCGUCCCC"
"121","CUGACCUAUGAAUUGACAGCC","CUGCCAAUUCCAUAGGUCACAG"
"122","UGGGUCUUUGCGGGCGAGAUGA","AACUGGCCUACAAAGUCCCAGU"
"123","CGGGGUUUUGAGGGCGAGAUGA","AACUGGCCCUCAAAGUCCCGCU"
"124","UGUAACAGCAACUCCAUGUGGA","CCAGUGGGGCUGCUGUUAUCUG"
"125","UAGCAGCACAGAAAUAUUGGC","CCAAUAUUGGCUGUGCUGCUCC"
"126","UAGGUAGUUUCAUGUUGUUGGG","CGGCAACAAGAAACUGCCUGAG"
"127","UAGGUAGUUUCCUGUUGUUGGG","UCGACAGCACGACACUGCCUUC"
"128","CGGGUAGAGAGGGCAGUGGGAGG","UUCACCACCUUCUCCACCCAGC"
"129","GGUCCAGAGGGGAGAUAGGUUC",""
"130","CCCAGUGUUCAGACUACCUGUUC","ACAGUAGUCUGCACAUUGGUUA"
"131","CCCAGUGUUUAGACUAUCUGUUC","ACAGUAGUCUGCACAUUGGUUA"
"132","CAUCUUACCGGACAGUGCUGGA","UAACACUGUCUGGUAACGAUGU"
"133","CAUCUUACUGGGCAGCAUUGGA","UAAUACUGCCUGGUAAUGAUGA"
"134","CGUCUUACCCAGCAGUGUUUGG","UAAUACUGCCGGGUAAUGAUGGA"
"135","UUCCUAUGCAUAUACUUCUUUG","AGAGGUAUAGGGCAUGGGAA"
"136","AGUGGUUCUUAACAGUUCAACAGUU","GUGAAAUGUUUAGGACCACUAG"
"137","UAGUGGUCCUAAACAUUUCACA","UUGAACUGUUAAGAACCACUGGA"
"138","UUCCCUUUGUCAUCCUAUGCCU","GCUGGGAAGGCAAAGGGACGU"
"139","UCCUUCAUUCCACCGGAGUCUG","GAUUUCAGUGGAGUGAAGUUC"
"140","","UGGAAUGUAAGGAAGUGUGUGG"
"141","GAGCUUUUGGCCCGGGUUAUAC","AUAAGACGAGCAAAAAGCUUGU"
"142","AAGCUUUUUGCUCGAAUUAUGU","AUAAGACGAACAAAAGGUUUGU"
"143","AGCCCCUGCCCACCGCACACUG","CUGUGCGUGUGACAGCGGCUGA"
"144","UUCCCUUUGUCAUCCUUCGCCU","GCAGGGACAGCAAAGGGGUGC"
"145","ACCUUGGCUCUAGACUGCUUACU","UAACAGUCUCCAGUCACGGCC"
"146","UGCCUGUCUACACUUGCUGUGC","ACAGCAGGCACAGACAGGCAGU"
"147","AUGACCUAUGAAUUGACAGAC","UCUGUCAUUUCUUUAGGCCAAUA"
"148","UAAUCUCAGCUGGCAACUGUGA","UCACAGUGGUCUCUGGGAUUAU"
"149","AAAUCUCUGCAGGCAAAUGUGA","ACACACUUACCCGUAGAGAUUCUA"
"150","UACUGCAUCAGGAACUGAUUGGA",""
"151","UUGUGCUUGAUCUAACCAUGU","AUGGUUCCGUCAAGCACCAUGG"
"152","UGAUUGUCCAAACGCAAUUCU","AGAGUUGAGUCUGGACGUCCCG"
"153","AGAUGUCCAGCCACAAUUCUCG","AGAAUUGCGUUUGGACAAUCAGU"
"154","ACCUGGCAUACAAUGUAGAUUU","AGCUACAUUGUCUGCUGGGUUUC"
"155","CUCAGUAGCCAGUGUAGAUCCU","AGCUACAUCUGGCUACUGGGU"
"156","CGUGUAUUUGACAAGCUGAGUU","UGUCAGUUUGUCAAAUACCCCA"
"157","CAAGUCACUAGUGGUUCCGUU","AAAAUGGUGCCCUAGUGACUACA"
"158","AGGGCCCCCCCUCAAUCCUGU","GAGGGUUGGGUGGAGGCUCUCC"
"159","AUGUAUGUGUGCAUGUGCAUG",""
"160","AGCAGAAGCAGGGAGGUUCUCCCA",""
"161","UGGUUUACCGUCCCACAUACAU","UAUGUGGGAUGGUAAACCGCUU"
"162","","UAUACAAGGGCAGACUCUCUCU"
"163","GCUCUGACUUUAUUGCACUACU","CAGUGCAAUAGUAUUGUCAAAGC"
"164","GCUCUGACGAGGUUGCACUACU","CAGUGCAAUGAUAUUGUCAAAGC"
"165","ACUUAAACGUGGAUGUACUUGCU","UAAGUGCUUCCAUGUUUUGGUGA"
"166","ACUUUAACAUGGAAGUGCUUUC","UAAGUGCUUCCAUGUUUUAGUAG"
"167","UUUAACAUGGGGGUACCUGCUG","UAAGUGCUUCCAUGUUUCAGUGG"
"168","ACUUUAACAUGGAGGCACUUGC","UAAGUGCUUCCAUGUUUGAGUGU"
"169","UAAGUGCUUCCAUGCUU",""
"170","","UAAUUGCUUCCAUGUUU"
"171","","AAAAGCUGGGUUGAGAGGGCGA"
"172","AAAAGCUGGGUUGAGAGGGCAA",""
"173","","AAAAGCUGGGUUGAGAGGGU"
"174","","AAAAGCUGGGUUGAGAGGA"
"175","","AAAGCUGGGUUGAGAAGG"
"176","AGGUGGUCCGUGGCGCGUUCGC","CACAUUACACGGUCGACCUCU"
"177","AGGUUGUCCGUGGUGAGUUCGCA","CCCAAUACACGGUCGACCUCUU"
"178","CGCAUCCCCUAGGGCAUUGGUGU","ACUGCCCCAGGUGCUGCUGG"
"179","CCUAGUAGGUGUCCAGUAAGUGU",""
"180","","CCUCUGGGCCCUUCCUCCAG"
"181","GGGGGGGCAGGAGGGGCUCAGGG","CUGGCCCUCUCUGCCCUUCCGU"
"182","GAGGUUUUCUGGGUUUCUGUUUC","AACACACCUGGUUAACCUCUUU"
"183","UCUCUGGGCCUGUGUCUUAGGC","GCAAAGCACACGGCCUGCAGAGA"
"184","CUAGGUAUGGUCCCAGGGAUCC","GCCCCUGGGCCUAUCCUAGAA"
"185","UCAAGAGCAAUAACGAAAAAUGU","UUUUUCAUUAUUGCUCCUGACC"
"186","GAACGGCUUCAUACAGGAGUU","CUCCUAUAUGAUGCCUUUCUUC"
"187","AACAAUAUCCUGGUGCUGAGUG","UCCAGCAUCAGUGAUUUUGUUG"
"188","UCCCUGUCCUCCAGGAGCUCACG","UGAGCGCCUCGACGACAGAGCCG"
"189","UUAUAAAGCAAUGAGACUGAUU","UCCGUCUCAGUUACUUUAUAGC"
"190","AGGGGUGCUAUCUGUGAUUGA","UCUCACACAGAAAUCGCACCCGU"
"191","GCUGACUCCUAGUCCAGGGCUC","GCCCUGAACGAGGGGUCUGGAG"
"192","UGUCUGCCCGCAUGCCUGCCUCU",""
"193","UUAUCAGAAUCUCCAGGGGUAC","UCCCCCAGGUGUGAUUCUGAUUU"
"194","AAUCCUUGGAACCUAGGUGUGAGU","AACACACCUAUUCAAGGAUUCA"
"195","CGGGUGGAUCACGAUGCAAUUU","AAUUGCACGGUAUCCAUCUGUA"
"196","AGGGACUUUUGGGGGCAGAUGUG","UAAUGCCCCUAAAAAUCCUUAU"
"197","AGGGACUUUCAGGGGCAGCUGU","UAAUGCCCCUAAAAAUCCUUAU"
"198","ACUGUUGCUAAUAUGCAACUCU","AAUUGCACUUUAGCAAUGGUGA"
"199","AGAUCGACCGUGUUAUAUUCGC","AAUAAUACAUGGUUGAUCUUU"
"200","CAGGUCACGUCUCUGCAGUUAC","GCCUGCUGGGGUGGAACCUGGU"
"201","ACUCAAACUGUGGGGGCACU","AAGUGCCGCCAUCUUUUGAGUGU"
"202","ACUCAAAAGAUGGCGGCACUUU","AAGUGCCCCCACAGUUUGAGUGC"
"203","CCUCAAAUGUGGAGCACUAUUCU","AAAGUGCUGCGACAUUUGAGCGU"
"204","ACUCAAAAUGGGGGCGCUUUCC","GAAGUGCUUCGAUUUUGGGGUGU"
"205","UUAUAAUACAACCUGAUAAGUG","CUUAUCAGAUUGUAUUGUAAUU"
"206","AUAUAAUACAACCUGCUAAGUG","CUUAGCAGGUUGUAUUAUCAUU"
"207","AUAAUACAACCUGCUAAGUGCU","CACUUAGCAGGUUGUAUUAUAU"
"208","","UUUGUUCGUUCGGCUCGCGUGA"
"209","GUAGAUUCUCCUUCUAUGAGUA","AUCAUAGAGGAAAAUCCACGU"
"210","CGUGGAUAUUCCUUCUAUGUUU","AUCAUAGAGGAAAAUCCAUGUU"
"211","GGUGGAUAUUCCUUCUAUGUU","AACAUAGAGGAAAUUCCACGU"
"212","AGAGGUUGCCCUUGGUGAAUUC","AUCACACAAAGGCAACUUUUGU"
"213","CUCCUGACUCCAGGUCCUGUGU","ACUGGACUUGGAGUCAGAAGGC"
"214","","ACUGGACUUGGAGGCAGAA"
"215","ACUGGACUUGGAGUCAGAAGAGUGG",""
"216","","ACUGGACUUGGAGUCAGAAA"
"217","","ACUGGACUUGGAGUCAGGA"
"218","","ACUGGACUUGGAGCCAGAAG"
"219","ACUGGGCUUGGAGUCAGAAG",""
"220","ACUGGACUUGGUGUCAGAUGG",""
"221","ACUGGACUAGGAGUCAGAAGG",""
"222","ACUGGAUUUGGAGCCAGAA",""
"223","UGGUAGACUAUGGAACGUAGG","UAUGUAACAUGGUCCACUAACU"
"224","UGGUUGACCAUAGAACAUGCGC","UAUGUAAUAUGGUCCACAUCUU"
"225","AGCGAGGUUGCCCUUUGUAUAU","UAUACAAGGGCAAGCUCUCUGU"
"226","GAAGUUGUUCGUGGUGGAUUCG","AAUCAUUCACGGACAACACUU"
"227","AGAUCAGAAGGUGAUUGUGGCU","ACAGCACUGCCUGGUCAGA"
"228","","AUUCCUAGAAAUUGUUCAUA"
"229","AGGUUACCCGAGCAACUUUGCAU","GAAUGUUGCUCGGUGAACCCCU"
"230","AGGUUGUCUGUGAUGAGUUCG","AAUAUAACACAGAUGGCCUGU"
"231","UAGUAGACCGUAUAGCGUACG","UAUGUAACACGGUCCACUAACC"
"232","UGGUCGACCAGUUGGAAAGUAAU","ACUUCACCUGGUCCACUAGCCGU"
"233","","AUCAACAGACAUUAAUUGGGCGC"
"234","ACUGGACUUAGGGUCAGAAGGC",""
"235","UGAGGGGCAGAGAGCGAGACUUU","AGCUCGGUCUGAGGCCCCUCAGU"
"236","CAGCAGCAAUUCAUGUUUUGAA","CAAAACGUGAGGCGCUGCUAU"
"237","AAUGACACGAUCACUCCCGUUGA","AUCGGGAAUGUCGUGUCCGCCC"
"238","","UAAUACUGUCUGGUAAAACCGU"
"239","UGUCUUGCAGGCCGUCAUGCA","CAGGUCGUCUUGCAGGGCUUCU"
"240","UCUUGGAGUAGGUCAUUGGGUGG","CUGGAUGGCUCCUCCAUGUCU"
"241","UACGGUGAGCCUGUCAUUAUUC","AUCAUGAUGGGCUCCUCGGUGU"
"242","","UUGCAUAUGUAGGAUGUCCCAU"
"243","UGGCAGUGUAUUGUUAGCUGGU",""
"244","AGGCAGUGUAUUGUUAGCUGGC","CAGCCACAACUACCCUGCCACU"
"245","UAGGCAGUGUAUUGCUAGCGGCUGU","UUGCUAGUUGCACUCCUCUCUGU"
"246","UUUUGCGAUGUGUUCCUAAUAU","AUUGGGAACAUUUUGCAUGUAU"
"247","UUUUGCAAUAUGUUCCUGAAUA","UUGGGAUCAUUUUGCAUCCAUA"
"248","AAACCGUUACCAUUACUGAGUU",""
"249","UAGCAAGAGAACCAUUACCAUU",""
"250","AACUGUUUGCAGAGGAAACUGA","CUCAUCUGCAAAGAAGUAAGUG"
"251","ACCCUAUCAAUAUUGUCUCUGC","UAGUGCAAUAUUGCUUAUAGGGU"
"252","UAUGUGCCUUUGGACUACAUCG","GCAGUCCAUGGGCAUAUACAC"
"253","","AUACACAUACACGCAACACACAU"
"254","AAGACGGGAGGAAAGAAGGGAG","UCACUCCUCUCCUCCCGUCUU"
"255","UCAGGCUCAGUCCCCUCCCGAU",""
"256","AGAGGCUGGCCGUGAUGAAUUC","GUCAUACACGGCUCUCCUCUCU"
"257","UCCUGUACUGAGCUGCCCCGAG","CGGGGCAGCUCAGUACAGGAU"
"258","GUGGUUAUCCCUGCUGUGUUCG","AAUCAUACAGGGACAUCCAGUU"
"259","GUGGUUAUCCCUGUCCUGUUCG","AAUCGUACAGGGUCAUCCACUU"
"260","CCCAGAUAAUGGCACUCUCAA","UUGAAAGGCUAUUUCUUGGUC"
"261","GGUCGUAUGUGUGACGCCAUUU","GUGACAUCACAUAUACGGCAGC"
"262","CCAUGGAUCUCCAGGUGGGU","CAACCUGGAGGACUCCAUGCUG"
"263","AGUGGGGAACCCUUCCAUGAGG","CUUAUGCAAGAUUCCCUUCUAC"
"264","AGGACCUGCGGGACAAGAUUCUU",""
"265","UUGUACAUGGUAGGCUUUCAUU","UGAAGGUCUACUGUGUGCCAGG"
"266","AGGUUGUCCGUGUUGUCUUCUCU","UGAAACAUACACGGGAAACCUC"
"267","GAAGUUGCCCAUGUUAUUUUCG","AAACAAACAUGGUGCACUUCUU"
"268","","UGAGUAUUACAUGGCCAAUCUC"
"269","CAGCAGCACACUGUGGUUUGU","CAAACCACACUGUGGUGUUAGA"
"270","UUUCAAGCCAGGGGGCGUUUUUC",""
"271","UUAAGACUUGCAGUGAUGUUU","AACAUCACAGCAAGUCUGUGCU"
"272","ACAGACUUGCUGUGAUGUUCA","AACAUCACUGCAAGUCUUAACA"
