hairpin_name,hairpin_seq,mir_name,dotbracket,mature5p_seq,mature3p_seq,fe
hsa-let-7a,UGGGAUGAGGUAGUAGGUUGUAUAGUUUUAGGGUCACACCCACCACUGGGAGAUAACUAUACAAUCUACUGUCUUUCCUA,hsa-let-7a,(((((.(((((((((((((((((((((.....(((...((((....)))).))))))))))))))))))))))))))))),UGAGGUAGUAGGUUGUAUAGUU,CUAUACAAUCUACUGUCUUUC,-34.2
hsa-let-7b,CGGGGUGAGGUAGUAGGUUGUGUGGUUUCAGGGCAGUGAUGUUGCCCCUCGGAAGAUAACUAUACAACCUACUGCCUUCCCUG,hsa-let-7b,(((((.(((((((((((((((((((((((.((((((.....))))))...))).....))))))))))))))))))))))))),UGAGGUAGUAGGUUGUGUGGUU,CUAUACAACCUACUGCCUUCCC,-46.7
hsa-let-7c,GCAUCCGGGUUGAGGUAGUAGGUUGUAUGGUUUAGAGUUACACCCUGGGAGUUAACUGUACAACCUUCUAGCUUUCCUUGGAGC,hsa-let-7c,((.((((((..(((.(((.(((((((((((((..((.(..((...))..).))))))))))))))).))).)))..)))))))),UGAGGUAGUAGGUUGUAUGGUU,CUGUACAACCUUCUAGCUUUCC,-31.6
hsa-let-7d,CCUAGGAAGAGGUAGUAGGUUGCAUAGUUUUAGGGCAGGGAUUUUGCCCACAAGGAGGUAACUAUACGACCUGCUGCCUUUCUUAGG,hsa-let-7d,(((((((.((((((((((((((.((((((...((((((.....))))))..........)))))).))))))))))))))))))))),AGAGGUAGUAGGUUGCAUAGUU,CUAUACGACCUGCUGCCUUUCU,-42.7
hsa-let-7e,CCCGGGCUGAGGUAGGAGGUUGUAUAGUUGAGGAGGACACCCAAGGAGAUCACUAUACGGCCUCCUAGCUUUCCCCAGG,hsa-let-7e,((.(((..(((.((((((((((((((((.((((.(....))).......)))))))))))))))))).)))..))).)),UGAGGUAGGAGGUUGUAUAGUU,CUAUACGGCCUCCUAGCUUUCC,-36.7
hsa-let-7f,UCAGAGUGAGGUAGUAGAUUGUAUAGUUGUGGGGUAGUGAUUUUACCCUGUUCAGGAGAUAACUAUACAAUCUAUUGCCUUCCCUGA,hsa-let-7f,((((.(.((((((((((((((((((((((((((((((.....))))))).........))))))))))))))))))))))).))))),UGAGGUAGUAGAUUGUAUAGUU,CUAUACAAUCUAUUGCCUUCCC,-42.3
hsa-let-7g,AGGCUGAGGUAGUAGUUUGUACAGUUUGAGGGUCUAUGAUACCACCCGGUACAGGAGAUAACUGUACAGGCCACUGCCUUGCCA,hsa-let-7g,.(((.((((((((.((((((((((((.....((((.((.((((....))))))..)))))))))))))))).))))))))))).,UGAGGUAGUAGUUUGUACAGUU,CUGUACAGGCCACUGCCUUGC,-39.3
hsa-let-7i,CUGGCUGAGGUAGUAGUUUGUGCUGUUGGUCGGGUUGUGACAUUGCCCGCUGUGGAGAUAACUGCGCAAGCUACUGCCUUGCUA,hsa-let-7i,.((((.(((((((((((((((((.(((((.(((((.........)))))))........))).))))))))))))))))))))),UGAGGUAGUAGUUUGUGCUGUU,CUGCGCAAGCUACUGCCUUGCU,-39.7
hsa-miR-1,UGGGAAACAUACUUCUUUAUAUGCCCAUAUGGACCUGCUAAGCUAUGGAAUGUAAAGAAGUAUGUAUCUCA,hsa-miR-1,(((((.((((((((((((((((..((((((((.....)))...))))).)))))))))))))))).))))),ACAUACUUCUUUAUAUGCCCAU,UGGAAUGUAAAGAAGUAUGUAU,-29.1
hsa-miR-7-1,UUGGAUGUUGGCCUAGUUCUGUGUGGAAGACUAGUGAUUUUGUUGUUUUUAGAUAACUAAAUCGACAACAAAUCACAGUCUGCCAUAUGGCACAGGCCAUGCCUCUACAG,hsa-miR-7,.((((.((((((((.((.((((((((.(((((.(((((((.(((((((((((....)))))..)))))))))))))))))).)))))))).)))))))).)).))))...,UGGAAGACUAGUGAUUUUGUUGU,CAACAAAUCACAGUCUGCCAUA,-47.7
hsa-miR-9,CGGGGUUGGUUGUUAUCUUUGGUUAUCUAGCUGUAUGAGUGGUGUGGAGUCUUCAUAAAGCUAGAUAACCGAAAGUAAAAAUAACCCCA,hsa-miR-9,.(((((((....((((.(((((((((((((((.((((((.(.(....).).)))))).))))))))))))))).))))...))))))).,UCUUUGGUUAUCUAGCUGUAUGA,AUAAAGCUAGAUAACCGAAAGU,-41
hsa-miR-10a,GAUCUGUCUGUCUUCUGUAUAUACCCUGUAGAUCCGAAUUUGUGUAAGGAAUUUUGUGGUCACAAAUUCGUAUCUAGGGGAAUAUGUAGUUGACAUAAACACUCCGCUCU,hsa-miR-10a,....(((.((((..((((((((.((((.(((((.((((((((((................)))))))))).))))))))).))))))))..))))...))).........,UACCCUGUAGAUCCGAAUUUGUG,CAAAUUCGUAUCUAGGGGAAUA,-34
hsa-miR-10b,CCAGAGGUUGUAACGUUGUCUAUAUAUACCCUGUAGAACCGAAUUUGUGUGGUAUCCGUAUAGUCACAGAUUCGAUUCUAGGGGAAUAUAUGGUCGAUGCAAAAACUUCA,hsa-miR-10b,...((((((....(((((.((((((((.((((.(((((.((((((((((.(.(((....))).))))))))))).))))))))).)))))))).)))))....)))))).,UACCCUGUAGAACCGAAUUUGUG,ACAGAUUCGAUUCUAGGGGAAU,-42.9
hsa-miR-15a,CCUUGGAGUAAAGUAGCAGCACAUAAUGGUUUGUGGAUUUUGAAAAGGUGCAGGCCAUAUUGUGCUGCCUCAAAAAUACAAGG,hsa-miR-15a,(((((.......(..((((((((..((((((((((.............))))))))))..))))))))..).......))))),UAGCAGCACAUAAUGGUUUGUG,CAGGCCAUAUUGUGCUGCCUCA,-30.5
hsa-miR-15b,UUGAGGCCUUAAAGUACUGUAGCAGCACAUCAUGGUUUACAUGCUACAGUCAAGAUGCGAAUCAUUAUUUGCUGCUCUAGAAAUUUAAGGAAAUUCAU,hsa-miR-15b,.((((.(((((((...(((.(((((((.((.(((((((.(((.((.......))))).))))))).)).))))))).)))...)))))))...)))).,UAGCAGCACAUCAUGGUUUACA,CGAAUCAUUAUUUGCUGCUCUA,-29.3
hsa-miR-16-1,GUCAGCAGUGCCUUAGCAGCACGUAAAUAUUGGCGUUAAGAUUCUAAAAUUAUCUCCAGUAUUAACUGUGCUGCUGAAGUAAGGUUGAC,hsa-miR-16,((((((..(((.((((((((((((.((((((((.(.(((..........))).).)))))))).)).)))))))))).)))..)))))),UAGCAGCACGUAAAUAUUGGCG,CCAGUAUUAACUGUGCUGCUGA,-37
hsa-miR-17,GUCAGAAUAAUGUCAAAGUGCUUACAGUGCAGGUAGUGAUAUGUGCAUCUACUGCAGUGAAGGCACUUGUAGCAUUAUGGUGAC,hsa-miR-17,((((..(((((((..((((((((.((.(((((.(((((.......)).)))))))).)).))))))))...)))))))..)))),CAAAGUGCUUACAGUGCAGGUAG,ACUGCAGUGAAGGCACUUGUAG,-33.8
hsa-miR-18a,UGUUCUAAGGUGCAUCUAGUGCAGAUAGUGAAGUAGAUUAGCAUCUACUGCCCUAAGUGCUCCUUCUGGCA,hsa-miR-18a,((((..((((.((((.(((.((((.(((((..(.....)..)).))))))).))).)))).))))..)))),UAAGGUGCAUCUAGUGCAGAUAG,ACUGCCCUAAGUGCUCCUUCUGG,-21.1
hsa-miR-18b,UGUGUUAAGGUGCAUCUAGUGCAGUUAGUGAAGCAGCUUAGAAUCUACUGCCCUAAAUGCCCCUUCUGGCA,hsa-miR-18b,(((...((((.((((.(((.(((((.((................))))))).))).)))).))))...))),UAAGGUGCAUCUAGUGCAGUUAG,UGCCCUAAAUGCCCCUUCUGGC,-18.9
hsa-miR-19a,GCAGUCCUCUGUUAGUUUUGCAUAGUUGCACUACAAGAAGAAUGUAGUUGUGCAAAUCUAUGCAAAACUGAUGGUGGCCUGC,hsa-miR-19a,((((.((.(((((((((((((((((((((((((((.......))))...))))))..))))))))))))))))).)).)))),AGUUUUGCAUAGUUGCACUACA,UGUGCAAAUCUAUGCAAAACUGA,-38.7
hsa-miR-19b,CACUGUUCUAUGGUUAGUUUUGCAGGUUUGCAUCCAGCUGUGUGAUAUUCUGCUGUGCAAAUCCAUGCAAAACUGACUGUGGUAGUG,hsa-miR-19b,(((((..(((((((((((((((((((((((((..((((.............)))))))))).)).)))))))))))))))))))))),AGUUUUGCAGGUUUGCAUCCAGC,UGUGCAAAUCCAUGCAAAACUGA,-38.5
hsa-miR-20a,GUAGCACUAAAGUGCUUAUAGUGCAGGUAGUGUUUAGUUAUCUACUGCAUUAUGAGCACUUAAAGUACUGC,hsa-miR-20a,((((.(((.(((((((((((((((((.(((...........))))))))))))))))))))..))).)))),UAAAGUGCUUAUAGUGCAGGUAG,ACUGCAUUAUGAGCACUUAAAG,-31
hsa-miR-20b,AGUACCAAAGUGCUCAUAGUGCAGGUAGUUUUGGCAUGACUCUACUGUAGUAUGGGCACUUCCAGUACU,hsa-miR-20b,(((((..(((((((((((.(((((..((((.......))))...))))).)))))))))))...))))),CAAAGUGCUCAUAGUGCAGGUAG,ACUGUAGUAUGGGCACUUCCAG,-29.6
hsa-miR-21,UGUCGGGUAGCUUAUCAGACUGAUGUUGACUGUUGAAUCUCAUGGCAACACCAGUCGAUGGGCUGUCUGACA,hsa-miR-21,((((((((((((((((.(((((.(((((.((((.((...))))))))))).))))))))))))))))))))),UAGCUUAUCAGACUGAUGUUGA,CAACACCAGUCGAUGGGCUGU,-34.6
hsa-miR-22,GGCUGAGCCGCAGUAGUUCUUCAGUGGCAAGCUUUAUGUCCUGACCCAGCUAAAGCUGCCAGUUGAAGAACUGUUGCCCUCUGCC,hsa-miR-22,(((.(((..((((((((((((((((((((.((((((.((.........))))))))))))).))))))))))))))).))).))),AGUUCUUCAGUGGCAAGCUUUA,AAGCUGCCAGUUGAAGAACUGU,-39.8
hsa-miR-23a,GGCCGGCUGGGGUUCCUGGGGAUGGGAUUUGCUUCCUGUCACAAAUCACAUUGCCAGGGAUUUCCAACCGACC,hsa-miR-23a,((.(((.((((((((((((.((((.((((((..........)))))).)))).))))))).))))).))).)),GGGGUUCCUGGGGAUGGGAUUU,AUCACAUUGCCAGGGAUUUCC,-33.3
hsa-miR-23b,CUCAGGUGCUCUGGCUGCUUGGGUUCCUGGCAUGCUGAUUUGUGACUUAAGAUUAAAAUCACAUUGCCAGGGAUUACCACGCAACCACGACCUUGGC,hsa-miR-23b,.(((((.(.(((((.(((.(((((((((((((((.((((((..............)))))))).))))))))))..))).))).))).)))))))).,UGGGUUCCUGGCAUGCUGAUUU,AUCACAUUGCCAGGGAUUACC,-36
hsa-miR-23c,AGUGACUUUCCAGGUGUCACACAGUGAGUGGCAUAAUCAGAGUACAAUUUGAGUCAUGCCCAUACAUCACAUUGCCAGUGAUUACCCAAGGAAAGUGACG,hsa-miR-23c,.((.(((((((.((((((((.(((((((((((((..(((((......)))))...)))))...)).))))..))...)))).))))...))))))).)).,,AUCACAUUGCCAGUGAUUACCC,-33.8
hsa-miR-24,CUCCGGUGCCUACUGAGCUGAUAUCAGUUCUCAUUUUACACACUGGCUCAGUUCAGCAGGAACAGGAG,hsa-miR-24,((((.((.(((.(((((((((..(((((.............))))).))))))))).))).)).)))),UGCCUACUGAGCUGAUAUCAGU,UGGCUCAGUUCAGCAGGAACAG,-26.3
hsa-miR-25,GGCCAGUGUUGAGAGGCGGAGACUUGGGCAAUUGCUGGACGCUGCCCUGGGCAUUGCACUUGUCUCGGUCUGACAGUGCCGGCC,hsa-miR-25,((((.((((((..((((.(((((..(.(((((..((((........))))..))))).)..))))).))))..)))))).)))),AGGCGGAGACUUGGGCAAUUG,CAUUGCACUUGUCUCGGUCUGA,-35.9
hsa-miR-26a,GUGGCCUCGUUCAAGUAAUCCAGGAUAGGCUGUGCAGGUCCCAAUGGGCCUAUUCUUGGUUACUUGCACGGGGACGC,hsa-miR-26a,(((.((((((.(((((((((.((((((((((...............)))))))))).))))))))).)))))).))),UUCAAGUAAUCCAGGAUAGGCU,CCUAUUCUUGGUUACUUGCACG,-37.3
hsa-miR-26b,CCGGGACCCAGUUCAAGUAAUUCAGGAUAGGUUGUGUGCUGUCCAGCCUGUUCUCCAUUACUUGGCUCGGGGACCGG,hsa-miR-26b,((((..((((((.((((((((..(((((((((((.(......))))))))))))..))))))))))).)))..)))),UUCAAGUAAUUCAGGAUAGGU,CCUGUUCUCCAUUACUUGGCUC,-40.2
hsa-miR-27a,CUGAGGAGCAGGGCUUAGCUGCUUGUGAGCAGGGUCCACACCAAGUCGUGUUCACAGUGGCUAAGUUCCGCCCCCCAG,hsa-miR-27a,(((.((.((.(((((((((((((.(((((((.((.(........))).)))))))))))))))))))).)).)).))),AGGGCUUAGCUGCUUGUGAGCA,UUCACAGUGGCUAAGUUCCGC,-37.8
hsa-miR-27b,ACCUCUCUAACAAGGUGCAGAGCUUAGCUGAUUGGUGAACAGUGAUUGGUUUCCGCUUUGUUCACAGUGGCUAAGUUCUGCACCUGAAGAGAAGGUG,hsa-miR-27b,((((((((....(((((((((((((((((.((((.(((((((....(((...)))..))))))))))))))))))))))))))))..)))).)))).,AGAGCUUAGCUGAUUGGUGAAC,UUCACAGUGGCUAAGUUCUGC,-49.4
hsa-miR-28,GGUCCUUGCCCUCAAGGAGCUCACAGUCUAUUGAGUUACCUUUCUGACUUUCCCACUAGAUUGUGAGCUCCUGGAGGGCAGGCACU,hsa-miR-28,(((.(((((((((.((((((((((((((((.(((((((......)))))....)).)))))))))))))))).))))))))).))),AAGGAGCUCACAGUCUAUUGAG,CACUAGAUUGUGAGCUCCUGGA,-50.2
hsa-miR-29a,AUGACUGAUUUCUUUUGGUGUUCAGAGUCAAUAUAAUUUUCUAGCACCAUCUGAAAUCGGUUAU,hsa-miR-29a,((((((((((((...(((((((.((((...........)))))))))))...)))))))))))),ACUGAUUUCUUUUGGUGUUCAG,UAGCACCAUCUGAAAUCGGUUA,-24.6
hsa-miR-29b,CUUCAGGAAGCUGGUUUCAUAUGGUGGUUUAGAUUUAAAUAGUGAUUGUCUAGCACCAUUUGAAAUCAGUGUUCUUGGGGG,hsa-miR-29b,(((((((((((((((((((.((((((..((((((.............)))))))))))).)))))))))).))))))))).,GCUGGUUUCAUAUGGUGGUUUAGA,UAGCACCAUUUGAAAUCAGUGUU,-34.1
hsa-miR-29c,AUCUCUUACACAGGCUGACCGAUUUCUCCUGGUGUUCAGAGUCUGUUUUUGUCUAGCACCAUUUGAAAUCGGUUAUGAUGUAGGGGGA,hsa-miR-29c,..((((((((((...(((((((((((...(((((((.(((...........))))))))))...))))))))))))).))))))))..,UGACCGAUUUCUCCUGGUGUUC,UAGCACCAUUUGAAAUCGGUUA,-34.8
hsa-miR-30a,GCGACUGUAAACAUCCUCGACUGGAAGCUGUGAAGCCACAGAUGGGCUUUCAGUCGGAUGUUUGCAGCUGC,hsa-miR-30a,(((.((((((((((((..((((((((((((((....))).....))))))))))))))))))))))).))),UGUAAACAUCCUCGACUGGAAG,CUUUCAGUCGGAUGUUUGCAGC,-37.2
hsa-miR-30b,ACCAAGUUUCAGUUCAUGUAAACAUCCUACACUCAGCUGUAAUACAUGGAUUGGCUGGGAGGUGGAUGUUUACUUCAGCUGACUUGGA,hsa-miR-30b,.(((((..((((((...((((((((((.((.((((((((............))))))))..))))))))))))...))))))))))).,UGUAAACAUCCUACACUCAGCU,CUGGGAGGUGGAUGUUUACUUC,-36.9
hsa-miR-30c,ACCAUGCUGUAGUGUGUGUAAACAUCCUACACUCUCAGCUGUGAGCUCAAGGUGGCUGGGAGAGGGUUGUUUACUCCUUCUGCCAUGGA,hsa-miR-30c,.(((((..((((...(.(((((((.(((...(((((((((....(((...)))))))))))).))).))))))).)...))))))))).,UGUAAACAUCCUACACUCUCAGC,CUGGGAGAGGGUUGUUUACUCC,-34.3
hsa-miR-30d,GUUGUUGUAAACAUCCCCGACUGGAAGCUGUAAGACACAGCUAAGCUUUCAGUCAGAUGUUUGCUGCUAC,hsa-miR-30d,...((.(((((((((...(((((((((((..............))))))))))).))))))))).))...,UGUAAACAUCCCCGACUGGAAG,CUUUCAGUCAGAUGUUUGCUGC,-28.1
hsa-miR-30e,GGGCAGUCUUUGCUACUGUAAACAUCCUUGACUGGAAGCUGUAAGGUGUUCAGAGGAGCUUUCAGUCGGAUGUUUACAGCGGCAGGCUGCCA,hsa-miR-30e,.((((((((..(((.((((((((((((..(((((((((((.(...(....)...).))))))))))))))))))))))).))))))))))).,UGUAAACAUCCUUGACUGGAAG,CUUUCAGUCGGAUGUUUACAGC,-52.1
hsa-miR-31,GGAGAGGAGGCAAGAUGCUGGCAUAGCUGUUGAACUGGGAACCUGCUAUGCCAACAUAUUGCCAUCUUUCC,hsa-miR-31,(((((((.(((((.(((.(((((((((.(((........)))..))))))))).))).))))).))))))),AGGCAAGAUGCUGGCAUAGCU,UGCUAUGCCAACAUAUUGCCAU,-36.8
hsa-miR-32,GGAGAUAUUGCACAUUACUAAGUUGCAUGUUGUCACGGCCUCAAUGCAAUUUAGUGUGUGUGAUAUUUUC,hsa-miR-32,(((((((((((((((.(((((((((((((..((....))..).))))))))))))))))))))))))))),UAUUGCACAUUACUAAGUUGCA,CAAUUUAGUGUGUGUGAUAUUU,-30
hsa-miR-33a,CUGUGGUGCAUUGUAGUUGCAUUGCAUGUUCUGGUGGUACCCAUGCAAUGUUUCCACAGUGCAUCACAG,hsa-miR-33a,((((((((((((((.(..((((((((((....(((...)))))))))))))..).)))))))))))))),GUGCAUUGUAGUUGCAUUGCA,CAAUGUUUCCACAGUGCAUCAC,-36.4
hsa-miR-33b,GCGGGCGGCCCCGCGGUGCAUUGCUGUUGCAUUGCACGUGUGUGAGGCGGGUGCAGUGCCUCGGCAGUGCAGCCCGGAGCCGGCCCCUGGCACCAC,hsa-miR-33b,(((((((((.(((.((((((((((((..(((((((((.(((.....))).)))))))))..)))))))))).))))).))).))))...)).....,GUGCAUUGCUGUUGCAUUGC,CAGUGCCUCGGCAGUGCAGCCC,-60.2
hsa-miR-34a,GGCCAGCUGUGAGUGUUUCUUUGGCAGUGUCUUAGCUGGUUGUUGUGAGCAAUAGUAAGGAAGCAAUCAGCAAGUAUACUGCCCUAGAAGUGCUGCACGUUGUGGGGCCC,hsa-miR-34a,((((.(((((((((((((((..(((((((((((.((((((((((....((....)).....))))))))))))).))))))))..))))))))).))))..))..)))).,UGGCAGUGUCUUAGCUGGUUGU,CAAUCAGCAAGUAUACUGCCCU,-47.2
hsa-miR-34b,GUGCUCGGUUUGUAGGCAGUGUCAUUAGCUGAUUGUACUGUGGUGGUUACAAUCACUAACUCCACUGCCAUCAAAACAAGGCAC,hsa-miR-34b,(((((..((((...(((((((...((((.((((((((((.....)).))))))))))))...)))))))....))))..))))),UAGGCAGUGUCAUUAGCUGAUUG,CAAUCACUAACUCCACUGCCAU,-32.8
hsa-miR-34c,AGUCUAGUUACUAGGCAGUGUAGUUAGCUGAUUGCUAAUAGUACCAAUCACUAACCACACGGCCAGGUAAAAAGAUU,hsa-miR-34c,.((((..(((((.(((.((((.(((((.((((((.((....)).))))))))))).)))).))).)))))..)))).,AGGCAGUGUAGUUAGCUGAUUGC,AAUCACUAACCACACGGCCAGG,-28
hsa-miR-92a,CUUUCUACACAGGUUGGGAUCGGUUGCAAUGCUGUGUUUCUGUAUGGUAUUGCACUUGUCCCGGCCUGUUGAGUUUGG,hsa-miR-92a,....((..((((((((((((.(((.(((((((((((......)))))))))))))).))))))))))))..)).....,AGGUUGGGAUCGGUUGCAAUGCU,UAUUGCACUUGUCCCGGCCUGU,-35.5
hsa-miR-92b,CGGGCCCCGGGCGGGCGGGAGGGACGGGACGCGGUGCAGUGUUGUUUUUUCCCCCGCCAAUAUUGCACUCGUCCCGGCCUCCGGCCCCCCCGGCCC,hsa-miR-92b,.(((((..(((.((((.(((((..(((((((.((((((((((((.............))))))))))))))))))).))))).))))))).))))),AGGGACGGGACGCGGUGCAGUG,UAUUGCACUCGUCCCGGCCUCC,-66
hsa-miR-93,CUGGGGGCUCCAAAGUGCUGUUCGUGCAGGUAGUGUGAUUACCCAACCUACUGCUGAGCUAGCACUUCCCGAGCCCCCGG,hsa-miR-93,((((((((((..((((((((((((.((((.(((.((.........)))))))))))))).)))))))...)))))))))),CAAAGUGCUGUUCGUGCAGGUAG,ACUGCUGAGCUAGCACUUCCCG,-43.8
hsa-miR-95,AACACAGUGGGCACUCAAUAAAUGUCUGUUGAAUUGAAAUGCGUUACAUUCAACGGGUAUUUAUUGAGCACCCACUCUGUG,hsa-miR-95,.(((.((((((..((((((((((((((((((((((((......))).)))))))))))))))))))))..)))))).))).,UCAAUAAAUGUCUGUUGAAUU,UUCAACGGGUAUUUAUUGAGCA,-36.4
hsa-miR-96,UGGCCGAUUUUGGCACUAGCACAUUUUUGCUUGUGUCUCUCCGCUCUGAGCAAUCAUGUGCAGUGCCAAUAUGGGAAA,hsa-miR-96,...((.((.((((((((.((((((..(((((((((......)))...))))))..)))))))))))))).)).))...,UUUGGCACUAGCACAUUUUUGCU,AAUCAUGUGCAGUGCCAAUAUG,-34.8
hsa-miR-98,AGGAUUCUGCUCAUGCCAGGGUGAGGUAGUAAGUUGUAUUGUUGUGGGGUAGGGAUAUUAGGCCCCAAUUAGAAGAUAACUAUACAACUUACUACUUUCCCUGGUGUGUGGCAUAUUCA,hsa-miR-98,.((((..((((((((((((((.(((((((((((((((((.((((((((((...........)))))).........)))).))))))))))))))))))))))))))).)))).)))).,UGAGGUAGUAAGUUGUAUUGUU,CUAUACAACUUACUACUUUCCC,-56.7
hsa-miR-99a,CCCAUUGGCAUAAACCCGUAGAUCCGAUCUUGUGGUGAAGUGGACCGCACAAGCUCGCUUCUAUGGGUCUGUGUCAGUGUG,hsa-miR-99a,..((((((((((.(((((((((..(((.((((((.((........)))))))).)))..))))))))).))))))))))..,AACCCGUAGAUCCGAUCUUGUG,CAAGCUCGCUUCUAUGGGUCUG,-39.5
hsa-miR-99b,GGCACCCACCCGUAGAACCGACCUUGCGGGGCCUUCGCCGCACACAAGCUCGUGUCUGUGGGUCCGUGUC,hsa-miR-99b,(((((..(((((((((..(((.((((.(.(((....))).)...)))).)))..)))))))))..))))),CACCCGUAGAACCGACCUUGCG,CAAGCUCGUGUCUGUGGGUCCG,-29.4
hsa-miR-100,CCUGUUGCCACAAACCCGUAGAUCCGAACUUGUGGUAUUAGUCCGCACAAGCUUGUAUCUAUAGGUAUGUGUCUGUUAGG,hsa-miR-100,((((....((((.(((.((((((.(((.((((((...........)))))).))).)))))).))).)))).....)))),AACCCGUAGAUCCGAACUUGUG,CAAGCUUGUAUCUAUAGGUAUG,-25.7
hsa-miR-101,UGCCCUGGCUCAGUUAUCACAGUGCUGAUGCUGUCUAUUCUAAAGGUACAGUACUGUGAUAACUGAAGGAUGGCA,hsa-miR-101,((((.....((((((((((((((((((.((((............)))))))))))))))))))))).....)))),CAGUUAUCACAGUGCUGAUGCU,UACAGUACUGUGAUAACUGAA,-36.2
hsa-miR-103a,UACUGCCCUCGGCUUCUUUACAGUGCUGCCUUGUUGCAUAUGGAUCAAGCAGCAUUGUACAGGGCUAUGAAGGCAUUG,hsa-miR-103a,...((((.((((((.((.(((((((((((.(((.(.(....).).)))))))))))))).))))))..)).))))...,,AGCAGCAUUGUACAGGGCUAUGA,-31
hsa-miR-103b,UCAUAGCCCUGUACAAUGCUGCUUGAUCCAUAUGCAACAAGGCAGCACUGUAAAGAAGCCGA,hsa-miR-103b,.....((.((.((((.((((((((...............)))))))).)))).))..))...,UCAUAGCCCUGUACAAUGCUGCU,,-16.4
hsa-miR-105,UGUGCAUCGUGGUCAAAUGCUCAGACUCCUGUGGUGGCUGCUCAUGCACCACGGAUGUUUGAGCAUGUGCUACGGUGUCUA,hsa-miR-105,...(((((((((.((.((((((((((..((((((((..........))))))))..)))))))))).)))))))))))...,UCAAAUGCUCAGACUCCUGUGGU,ACGGAUGUUUGAGCAUGUGCUA,-43.1
hsa-miR-106a,CCUUGGCCAUGUAAAAGUGCUUACAGUGCAGGUAGCUUUUUGAGAUCUACUGCAAUGUAAGCACUUCUUACAUUACCAUGG,hsa-miR-106a,((.(((..(((((((((((((((((.(((((.(((.(((...))).)))))))).))))))))))).))))))..))).)),AAAAGUGCUUACAGUGCAGGUAG,CUGCAAUGUAAGCACUUCUUAC,-34.4
hsa-miR-106b,CCUGCCGGGGCUAAAGUGCUGACAGUGCAGAUAGUGGUCCUCUCCGUGCUACCGCACUGUGGGUACUUGCUGCUCCAGCAGG,hsa-miR-106b,(((((.(((((..(((((((.(((((((.(.((((((......))..))))).))))))).)))))))...))))).))))),UAAAGUGCUGACAGUGCAGAU,CCGCACUGUGGGUACUUGCUGC,-44.4
hsa-miR-107,CUCUCUGCUUUCAGCUUCUUUACAGUGUUGCCUUGUGGCAUGGAGUUCAAGCAGCAUUGUACAGGGCUAUCAAAGCACAGA,hsa-miR-107,.(((.((((((.((((.((.(((((((((((.(((.(((.....))))))))))))))))).))))))...)))))).))),,AGCAGCAUUGUACAGGGCUAUCA,-29.5
hsa-miR-122,CCUUAGCAGAGCUGUGGAGUGUGACAAUGGUGUUUGUGUCUAAACUAUCAAACGCCAUUAUCACACUAAAUAGCUACUGCUAGGC,hsa-miR-122,.((((((((((((((..(((((((.(((((((((((............))))))))))).)))))))..)))))).)))))))).,UGGAGUGUGACAAUGGUGUUUG,AACGCCAUUAUCACACUAAAUA,-45.7
hsa-miR-124,AGGCCUCUCUCUCCGUGUUCACAGCGGACCUUGAUUUAAAUGUCCAUACAAUUAAGGCACGCGGUGAAUGCCAAGAAUGGGGCUG,hsa-miR-124,.((((((..(((..((((((((.(((..((((((((.............))))))))..))).))))))))..)))..)))))).,CGUGUUCACAGCGGACCUUGAU,UAAGGCACGCGGUGAAUGCC,-35.3
hsa-miR-125a,UGCCAGUCUCUAGGUCCCUGAGACCCUUUAACCUGUGAGGACAUCCAGGGUCACAGGUGAGGUUCUUGGGAGCCUGGCGUCUGGCC,hsa-miR-125a,.(((((.(.((((((.(((((((.((((..((((((((((....))....)))))))))))).))))))).)))))).).))))).,UCCCUGAGACCCUUUAACCUGUGA,ACAGGUGAGGUUCUUGGGAGCC,-46.2
hsa-miR-125b,UGCGCUCCUCUCAGUCCCUGAGACCCUAACUUGUGAUGUUUACCGUUUAAAUCCACGGGUUAGGCUCUUGGGAGCUGCGAGUCGUGCU,hsa-miR-125b,.((((..(((.((((.(((((((.(((((((((((..(((((.....))))).))))))))))).))))))).)))).)))..)))).,UCCCUGAGACCCUAACUUGUGA,ACGGGUUAGGCUCUUGGGAGCU,-41.1
hsa-miR-126,CGCUGGCGACGGGACAUUAUUACUUUUGGUACGCGCUGUGACACUUCAAACUCGUACCGUGAGUAAUAAUGCGCCGUCCACGGCA,hsa-miR-126,.((((..(((((..(((((((((((.(((((((.....(((....)))....))))))).)))))))))))..)))))..)))).,CAUUAUUACUUUUGGUACGCG,UCGUACCGUGAGUAAUAAUGCG,-40.1
hsa-miR-127,UGUGAUCACUGUCUCCAGCCUGCUGAAGCUCAGAGGGCUCUGAUUCAGAAAGAUCAUCGGAUCCGUCUGAGCUUGGCUGGUCGGAAGUCUCAUCAUC,hsa-miR-127,.(((((.(((...(((.(((.(((.(((((((((.((.((((((((.....))..)))))).)).)))))))))))).))).))))))...))))).,CUGAAGCUCAGAGGGCUCUGAU,UCGGAUCCGUCUGAGCUUGGCU,-40.7
hsa-miR-128,UGAGCUGUUGGAUUCGGGGCCGUAGCACUGUCUGAGAGGUUUACAUUUCUCACAGUGAACCGGUCUCUUUUUCAGCUGCUUC,hsa-miR-128,.((((.((((((...(((((((...((((((..(((((((....)))))))))))))...)))))))...)))))).)))).,CGGGGCCGUAGCACUGUCUGAGA,UCACAGUGAACCGGUCUCUUU,-35.7
hsa-miR-129,GGAUCUUUUUGCGGUCUGGGCUUGCUGUUCCUCUCAACAGUAGUCAGGAAGCCCUUACCCCAAAAAGUAUCU,hsa-miR-129,(((((((((((.(((..((((((.(((..(..((....))..).))).))))))..))).))))))).)))),CUUUUUGCGGUCUGGGCUUGC,AAGCCCUUACCCCAAAAAGUAU,-29.5
hsa-miR-130a,UGCUGCUGGCCAGAGCUCUUUUCACAUUGUGCUACUGUCUGCACCUGUCACUAGCAGUGCAAUGUUAAAAGGGCAUUGGCCGUGUAGUG,hsa-miR-130a,.((((((((((((.((((((((.((((((((((.(((...((....))...))).)))))))))).)))))))).))))))).))))).,UUCACAUUGUGCUACUGUCUGC,CAGUGCAAUGUUAAAAGGGCAU,-42.2
hsa-miR-130b,GGCCUGCCCGACACUCUUUCCCUGUUGCACUACUAUAGGCCGCUGGGAAGCAGUGCAAUGAUGAAAGGGCAUCGGUCAGGUC,hsa-miR-130b,((((((.((((..(((((((..(((((((((.((.(((....)))...)).)))))))))..)))))))..)))).)))))),ACUCUUUCCCUGUUGCACUAC,CAGUGCAAUGAUGAAAGGGCAU,-35.8
hsa-miR-132,CCGCCCCCGCGUCUCCAGGGCAACCGUGGCUUUCGAUUGUUACUGUGGGAACUGGAGGUAACAGUCUACAGCCAUGGUCGCCCCGCAGCACGCCCACGCGC,hsa-miR-132,.(((....((((((.(.((((.(((((((((...((((((((((..(....)....))))))))))...))))))))).)))).).)).))))....))).,ACCGUGGCUUUCGAUUGUUACU,UAACAGUCUACAGCCAUGGUCG,-46.3
hsa-miR-133a,ACAAUGCUUUGCUAGAGCUGGUAAAAUGGAACCAAAUCGCCUCUUCAAUGGAUUUGGUCCCCUUCAACCAGCUGUAGCUAUGCAUUGA,hsa-miR-133a,.((((((...((((.(((((((..((.((.((((((((............)))))))).)).))..))))))).))))...)))))).,AGCUGGUAAAAUGGAACCAAAU,UUUGGUCCCCUUCAACCAGCUG,-40.7
hsa-miR-133b,CCUCAGAAGAAAGAUGCCCCCUGCUCUGGCUGGUCAAACGGAACCAAGUCCGUCUUCCUGAGAGGUUUGGUCCCCUUCAACCAGCUACAGCAGGGCUGGCAAUGCCCAGUCCUUGGAGA,hsa-miR-133b,..............(((((((((((.((((((((..((.((.((((((.((.((((...)))))))))))).)).))..)))))))).)))))))..))))....(((.....)))...,,UUUGGUCCCCUUCAACCAGCUA,-47.8
hsa-miR-134,CAGGGUGUGUGACUGGUUGACCAGAGGGGCAUGCACUGUGUUCACCCUGUGGGCCACCUAGUCACCAACCCUC,hsa-miR-134,.(((((..((((((((.((.(((.((((((((.....))))...)))).)))..)).))))))))..))))).,UGUGACUGGUUGACCAGAGGGG,CCUGUGGGCCACCUAGUCACCAA,-35
hsa-miR-135a,AGGCCUCGCUGUUCUCUAUGGCUUUUUAUUCCUAUGUGAUUCUACUGCUCACUCAUAUAGGGAUUGGAGCCGUGGCGCACGGCGGGGACA,hsa-miR-135a,...(((((((((.(.((((((((((..((((((((((((.............)))))))))))).)))))))))).).)))))))))...,UAUGGCUUUUUAUUCCUAUGUGA,UAUAGGGAUUGGAGCCGUGGCG,-44.1
hsa-miR-135b,CACUCUGCUGUGGCCUAUGGCUUUUCAUUCCUAUGUGAUUGCUGUCCCAAACUCAUGUAGGGCUAAAAGCCAUGGGCUACAGUGAGGGGCGAGCUCC,hsa-miR-135b,..(((((((((((((((((((((((...(((((((((((((......)))..))))))))))..))))))))))))))))))).)))).........,UAUGGCUUUUCAUUCCUAUGUGA,AUGUAGGGCUAAAAGCCAUGGG,-46.7
hsa-miR-136,UGAGCCCUCGGAGGACUCCAUUUGUUUUGAUGAUGGAUUCUUAUGCUCCAUCAUCGUCUCAAAUGAGUCUUCAGAGGGUUCU,hsa-miR-136,.((((((((.((((((((.(((((...((((((((((.........))))))))))...))))))))))))).)))))))).,ACUCCAUUUGUUUUGAUGAUGGA,CAUCAUCGUCUCAAAUGAGUCU,-45.5
hsa-miR-137,GGUCCUCUGACUCUCUUCGGUGACGGGUAUUCUUGGGUGGAUAAUACGGAUUACGUUGUUAUUGCUUAAGAAUACGCGUAGUCGAGGAGAGUACCAGCGGCA,hsa-miR-137,.(.((.((((((((((((((..(((.(((((((((((((.((((((((.....)).))))))))))))))))))).)))..)))))))))))..))).))).,,UUAUUGCUUAAGAAUACGCGUAG,-47.6
hsa-miR-138,CCCUGGCAUGGUGUGGUGGGGCAGCUGGUGUUGUGAAUCAGGCCGUUGCCAAUCAGAGAACGGCUACUUCACAACACCAGGGCCACACCACACUACAGG,hsa-miR-138,.((((...((((((((((.(((..(((((((((((((...(((((((..(.....)..)))))))..))))))))))))).))).)))))))))))))),AGCUGGUGUUGUGAAUCAGGCCG,GCUACUUCACAACACCAGGGCC,-58.9
hsa-miR-139,GUGUAUUCUACAGUGCACGUGUCUCCAGUGUGGCUCGGAGGCUGGAGACGCGGCCCUGUUGGAGUAAC,hsa-miR-139,...((((((((((.((.((((((((((((.(.......).)))))))))))))).))).)))))))..,UCUACAGUGCACGUGUCUCCAGU,UGGAGACGCGGCCCUGUUGGAGU,-35.6
hsa-miR-140,UGUGUCUCUCUCUGUGUCCUGCCAGUGGUUUUACCCUAUGGUAGGUUACGUCAUGCUGUUCUACCACAGGGUAGAACCACGGACAGGAUACCGGGGCACC,hsa-miR-140,.(((((((.....((((((((((.(((((((((((((.(((((((.((.((...)))).))))))).))))))))))))))).)))))))).))))))).,CAGUGGUUUUACCCUAUGGUAG,UACCACAGGGUAGAACCACGG,-54.4
hsa-miR-141,CGGCCGGCCCUGGGUCCAUCUUCCAGUACAGUGUUGGAUGGUCUAAUUGUGAAGCUCCUAACACUGUCUGGUAAAGAUGGCUCCCGGGUGGGUUC,hsa-miR-141,.((((.((((.(((.(((((((((((.(((((((((((...((.......))...))).))))))))))))..)))))))..))))))).)))).,CAUCUUCCAGUACAGUGUUGGA,UAACACUGUCUGGUAAAGAUGG,-49
hsa-miR-142,GACAGUGCAGUCACCCAUAAAGUAGAAAGCACUACUAACAGCACUGGAGGGUGUAGUGUUUCCUACUUUAUGGAUGAGUGUACUGUG,hsa-miR-142,.((((((((.(((.(((((((((((.(((((((((...(..(....)..)..))))))))).))))))))))).))).)))))))).,CAUAAAGUAGAAAGCACUACU,UGUAGUGUUUCCUACUUUAUGGA,-44.3
hsa-miR-143,GCGCAGCGCCCUGUCUCCCAGCCUGAGGUGCAGUGCUGCAUCUCUGGUCAGUUGGGAGUCUGAGAUGAAGCACUGUAGCUCAGGAAGAGAGAAGUUGUUCUGCAGC,hsa-miR-143,((((((.((....((((.(..((((((.(((((((((.((((((.((((......)).)).)))))).))))))))).))))))..).))))....)).)))).)),GGUGCAGUGCUGCAUCUCUGGU,UGAGAUGAAGCACUGUAGCUC,-51.8
hsa-miR-144,UGGGGCCCUGGCUGGGAUAUCAUCAUAUACUGUAAGUUUGCGAUGAGACACUACAGUAUAGAUGAUGUACUAGUCCGGGCACCCCC,hsa-miR-144,.(((((((.((((((.((((((((.(((((((((.((((......))))..))))))))))))))))).)))))).)))).)))..,GGAUAUCAUCAUAUACUGUAAG,UACAGUAUAGAUGAUGUACU,-45
hsa-miR-145,CACCUUGUCCUCACGGUCCAGUUUUCCCAGGAAUCCCUUAGAUGCUAAGAUGGGGAUUCCUGGAAAUACUGUUCUUGAGGUCAUGGUU,hsa-miR-145,.(((.((.(((((.((..((((.((.((((((((((((.............)))))))))))).)).))))..))))))).)).))).,GUCCAGUUUUCCCAGGAAUCCCU,GGAUUCCUGGAAAUACUGUUCU,-41.1
hsa-miR-146a,CCGAUGUGUAUCCUCAGCUUUGAGAACUGAAUUCCAUGGGUUGUGUCAGUGUCAGACCUCUGAAAUUCAGUUCUUCAGCUGGGAUAUCUCUGUCAUCGU,hsa-miR-146a,.(((((.((((((.(((((..((((((((((((.((.(((((.((.......))))))).)).)))))))))))).)))))))))))......))))).,UGAGAACUGAAUUCCAUGGGUU,CCUCUGAAAUUCAGUUCUUCAG,-39
hsa-miR-146b,CCUGGCACUGAGAACUGAAUUCCAUAGGCUGUGAGCUCUAGCAAUGCCCUGUGGACUCAGUUCUGGUGCCCGG,hsa-miR-146b,((.((((((.((((((((..(((((((((..((........))..).)))))))).)))))))))))))).)),UGAGAACUGAAUUCCAUAGGCU,UGCCCUGUGGACUCAGUUCUGG,-36.1
hsa-miR-147a,AAUCUAAAGACAACAUUUCUGCACACACACCAGACUAUGGAAGCCAGUGUGUGGAAAUGCUUCUGCUAGAUU,hsa-miR-147a,((((((.(((...(((((((((((((...(((.....)))......)))))))))))))..)))..)))))),,GUGUGUGGAAAUGCUUCUGC,-22.9
hsa-miR-147b,UAUAAAUCUAGUGGAAACAUUUCUGCACAAACUAGAUUCUGGACACCAGUGUGCGGAAAUGCUUCUGCUACAUUUUUAGG,hsa-miR-147b,((.((((.((((((((.((((((((((((.........((((...)))))))))))))))).)))))))).)))).))..,,GUGUGCGGAAAUGCUUCUGCUA,-28.4
hsa-miR-148a,GAGGCAAAGUUCUGAGACACUCCGACUCUGAGUAUGAUAGAAGUCAGUGCACUACAGAACUUUGUCUC,hsa-miR-148a,((((((((((((((((.((((..(((((((.......))).))))))))..)).)))))))))))))),AAAGUUCUGAGACACUCCGACU,UCAGUGCACUACAGAACUUUGU,-27.9
hsa-miR-148b,CAAGCACGAUUAGCAUUUGAGGUGAAGUUCUGUUAUACACUCAGGCUGUGGCUCUCUGAAAGUCAGUGCAUCACAGAACUUUGUCUCGAAAGCUUUCUA,hsa-miR-148b,.......((..(((.((((((((((((((((((.((.((((..((((.............)))))))).)).)))))))))))))))))).))).))..,AAGUUCUGUUAUACACUCAGGC,UCAGUGCAUCACAGAACUUUGU,-31.2
hsa-miR-149,GCCGGCGCCCGAGCUCUGGCUCCGUGUCUUCACUCCCGUGCUUGUCCGAGGAGGGAGGGAGGGACGGGGGCUGUGCUGGGGCAGCUGGA,hsa-miR-149,.(((((((((.(((.(.(.((((((.(((((.(((((.(.(((....))).))))))))))).)))))).).).))).)))).))))).,UCUGGCUCCGUGUCUUCACUCCC,AGGGAGGGACGGGGGCUGUGC,-56
hsa-miR-150,CUCCCCAUGGCCCUGUCUCCCAACCCUUGUACCAGUGCUGGGCUCAGACCCUGGUACAGGCCUGGGGGACAGGGACCUGGGGAC,hsa-miR-150,.((((((.((((((((((((((..(((.(((((((.((((....))).).))))))))))..)))))))))))).)))))))).,UCUCCCAACCCUUGUACCAGUG,CUGGUACAGGCCUGGGGGACAG,-57.8
hsa-miR-151a,UUUCCUGCCCUCGAGGAGCUCACAGUCUAGUAUGUCUCAUCCCCUACUAGACUGAAGCUCCUUGAGGACAGGGAUGGUCAUACUCACCUC,hsa-miR-151a,.((((((.((((((((((((..((((((((((.(........).)))))))))).)))))))))))).)))))).(((.......)))..,UCGAGGAGCUCACAGUCUAGU,CUAGACUGAAGCUCCUUGAGG,-45.9
hsa-miR-151b,ACCUCUGAUGUGUCAGUCUCUCUUCAGGGCUCCCGAGACACAGAAACAGACACCUGCCCUCGAGGAGCUCACAGUCUAGACAAACAAACCCAGGGU,hsa-miR-151b,..(((((...(((..((((.......(((((((((((...(((..........)))..)))).))))))).......))))..)))....))))).,,UCGAGGAGCUCACAGUCU,-29.9
hsa-miR-152,UGUCCCCCCCGGCCCAGGUUCUGUGAUACACUCCGACUCGGGCUCUGGAGCAGUCAGUGCAUGACAGAACUUGGGCCCGGAAGGACC,hsa-miR-152,.((((..((.((((((((((((((.((.((((..((((...(((....))))))))))).)).)))))))))))))).))..)))).,AGGUUCUGUGAUACACUCCGACU,UCAGUGCAUGACAGAACUUGG,-47.2
hsa-miR-153-2,AGCGGUGGCCAGUGUCAUUUUUGUGAUGUUGCAGCUAGUAAUAUGAGCCCAGUUGCAUAGUCACAAAAGUGAUCAUUGGAAACUG,hsa-miR-153,.(((((..(((((((((((((((((((..(((((((.((.......))..)))))))..))))))))))))).))))))..))))).,UCAUUUUUGUGAUGUUGCAGCU,UUGCAUAGUCACAAAAGUGAUC,-48.9
hsa-miR-154,GUGGUACUUGAAGAUAGGUUAUCCGUGUUGCCUUCGCUUUAUUUGUGACGAAUCAUACACGGUUGACCUAUUUUUCAGUACCAA,hsa-miR-154,.(((((((.((((((((((((.((((((((.(.((((.......)))).)...)).)))))).)))))))))))).))))))).,UAGGUUAUCCGUGUUGCCUUCG,AAUCAUACACGGUUGACCUAUU,-37.5
hsa-miR-155,CUGUUAAUGCUAAUCGUGAUAGGGGUUUUUGCCUCCAACUGACUCCUACAUAUUAGCAUUAACAG,hsa-miR-155,((((((((((((((.(((.((((((((.(((....)))..))))))))))))))))))))))))),UUAAUGCUAAUCGUGAUAGGGGU,CUCCUACAUAUUAGCAUUAACA,-29.5
hsa-miR-181a,UGAGUUUUGAGGUUGCUUCAGUGAACAUUCAACGCUGUCGGUGAGUUUGGAAUUAAAAUCAAAACCAUCGACCGUUGAUUGUACCCUAUGGCUAACCAUCAUCUACUCCA,hsa-miR-181a,.((((..((((((((((..((.(.(((.((((((..(((((((.((((.((.......)).))))))))))))))))).))).).))..))).)))).)))...))))..,AACAUUCAACGCUGUCGGUGAGU,ACCAUCGACCGUUGAUUGUACC,-35.9
hsa-miR-181b,CCUGUGCAGAGAUUAUUUUUUAAAAGGUCACAAUCAACAUUCAUUGCUGUCGGUGGGUUGAACUGUGUGGACAAGCUCACUGAACAAUGAAUGCAACUGUGGCCCCGCUU,hsa-miR-181b,.........................(((((((.....(((((((((...((((((((((....(((....))))))))))))).)))))))))....)))))))......,AACAUUCAUUGCUGUCGGUGGGU,CUCACUGAACAAUGAAUGCAA,-33.2
hsa-miR-181c,CGGAAAAUUUGCCAAGGGUUUGGGGGAACAUUCAACCUGUCGGUGAGUUUGGGCAGCUCAGGCAAACCAUCGACCGUUGAGUGGACCCUGAGGCCUGGAAUUGCCAUCCU,hsa-miR-181c,.(((.......(((..(((((.((((..((((((((..(((((((.(((((...........)))))))))))).))))))))..)))).))))))))........))).,AACAUUCAACCUGUCGGUGAGU,AACCAUCGACCGUUGAGUGGAC,-45.2
hsa-miR-181d,GUCCCCUCCCCUAGGCCACAGCCGAGGUCACAAUCAACAUUCAUUGUUGUCGGUGGGUUGUGAGGACUGAGGCCAGACCCACCGGGGGAUGAAUGUCACUGUGGCUGGGCCAGACACGGCUUAAGGGGAAUGGGGAC,hsa-miR-181d,(((((((((((((((((...(((..(((((((....(((((((((....((((((((((.((.(........)))))))))))))..)))))))))...))))))).))).......))))).))))))..)))))),AACAUUCAUUGUUGUCGGUGGGU,CCACCGGGGGAUGAAUGUCAC,-68.1
hsa-miR-182,GAGCUGCUUGCCUCCCCCCGUUUUUGGCAAUGGUAGAACUCACACUGGUGAGGUAACAGGAUCCGGUGGUUCUAGACUUGCCAACUAUGGGGCGAGGACUCAGCCGGCAC,hsa-miR-182,..((((((.(((((.((((((..(((((((...((((((...((((((..............))))))))))))...)))))))..)))))).)))).)..)).))))..,UUUGGCAAUGGUAGAACUCACACU,UGGUUCUAGACUUGCCAACUA,-47.6
hsa-miR-183,CCGCAGAGUGUGACUCCUGUUCUGUGUAUGGCACUGGUAGAAUUCACUGUGAACAGUCUCAGUCAGUGAAUUACCGAAGGGCCAUAAACAGAGCAGAGACAGAUCCACGA,hsa-miR-183,.((..((.(.((.(((.((((((((.((((((.((((((..(((((((((((......)))..))))))))))))..)).)))))).))))))))))).)).)))..)).,UAUGGCACUGGUAGAAUUCACU,GUGAAUUACCGAAGGGCCAUAA,-41.2
hsa-miR-184,CCAGUCACGUCCCCUUAUCACUUUUCCAGCCCAGCUUUGUGACUGUAAGUGUUGGACGGAGAACUGAUAAGGGUAGGUGAUUGA,hsa-miR-184,.(((((((.(.(((((((((.((((((.(.(((((((((......)))).))))).))))))).))))))))).).))))))).,,UGGACGGAGAACUGAUAAGGGU,-37.7
hsa-miR-185,AGGGGGCGAGGGAUUGGAGAGAAAGGCAGUUCCUGAUGGUCCCCUCCCCAGGGGCUGGCUUUCCUCUGGUCCUUCCCUCCCA,hsa-miR-185,.(((((.((((((((((((.(((((.(((((((((..((......)).))))))))).))))))))))))))))).))))).,UGGAGAGAAAGGCAGUUCCUGA,AGGGGCUGGCUUUCCUCUGGUC,-51.7
hsa-miR-186,UGCUUGUAACUUUCCAAAGAAUUCUCCUUUUGGGCUUUCUGGUUUUAUUUUAAGCCCAAAGGUGAAUUUUUUGGGAAGUUUGAGCU,hsa-miR-186,.(((((.(((((((((((((((((.(((((.((((((..............))))))))))).)))))))))))))))))))))).,CAAAGAAUUCUCCUUUUGGGCU,GCCCAAAGGUGAAUUUUUUGGG,-41.1
hsa-miR-187,GGUCGGGCUCACCAUGACACAGUGUGAGACCUCGGGCUACAACACAGGACCCGGGCGCUGCUCUGACCCCUCGUGUCUUGUGUUGCAGCCGGAGGGACGCAGGUCCGCA,hsa-miR-187,.(.((((((.............((((...((((.((((.(((((((((((.((((.((......).).)).)).))))))))))).)))).))))..))))))))))).,GGCUACAACACAGGACCCGGGC,UCGUGUCUUGUGUUGCAGCCGG,-47.3
hsa-miR-188,UGCUCCCUCUCUCACAUCCCUUGCAUGGUGGAGGGUGAGCUUUCUGAAAACCCCUCCCACAUGCAGGGUUUGCAGGAUGGCGAGCC,hsa-miR-188,.((((((..(((..((..(((((((((..((((((....(.....).....))))))..)))))))))..))..))).)).)))).,CAUCCCUUGCAUGGUGGAGGG,CUCCCACAUGCAGGGUUUGCA,-38.6
hsa-miR-190a,UGCAGGCCUCUGUGUGAUAUGUUUGAUAUAUUAGGUUGUUAUUUAAUCCAACUAUAUAUCAAACAUAUUCCUACAGUGUCUUGCC,hsa-miR-190a,.(((((.(.(((((.((((((((((((((((..(((((..........)))))))))))))))))))))..))))).).))))).,UGAUAUGUUUGAUAUAUUAGGU,CUAUAUAUCAAACAUAUUCCU,-31.6
hsa-miR-190b,UGCUUCUGUGUGAUAUGUUUGAUAUUGGGUUGUUUAAUUAGGAACCAACUAAAUGUCAAACAUAUUCUUACAGCAGCAG,hsa-miR-190b,((((.(((((.(((((((((((((((.((((((((......))).))))).)))))))))))))))..))))).)))).,UGAUAUGUUUGAUAUUGGGUU,,-32.1
hsa-miR-191,CGGCUGGACAGCGGGCAACGGAAUCCCAAAAGCAGCUGUUGUCUCCAGAGCAUUCCAGCUGCGCUUGGAUUUCGUCCCCUGCUCUCCUGCCU,hsa-miR-191,.(((.(((.((((((..(((((((((.((..(((((((.(((.......)))...)))))))..)))))))))))..)))))).))).))).,CAACGGAAUCCCAAAAGCAGCUG,GCUGCGCUUGGAUUUCGUCCCC,-46.8
hsa-miR-192,GCCGAGACCGAGUGCACAGGGCUCUGACCUAUGAAUUGACAGCCAGUGCUCUCGUCUCCCCUCUGGCUGCCAAUUCCAUAGGUCACAGGUAUGUUCGCCUCAAUGCCAGC,hsa-miR-192,.........(((.(((((.(.((.((((((((((((((.(((((((................))))))).))))).))))))))).)).).)))..))))).........,CUGACCUAUGAAUUGACAGCC,CUGCCAAUUCCAUAGGUCACAG,-39
hsa-miR-193a,CGAGGAUGGGAGCUGAGGGCUGGGUCUUUGCGGGCGAGAUGAGGGUGUCGGAUCAACUGGCCUACAAAGUCCCAGUUCUCGGCCCCCG,hsa-miR-193a,.......(((.(((((((((((((.(((((.((((.((.(((..........))).)).)))).))))).))))))))))))).))).,UGGGUCUUUGCGGGCGAGAUGA,AACUGGCCUACAAAGUCCCAGU,-50.2
hsa-miR-193b,GUGGUCUCAGAAUCGGGGUUUUGAGGGCGAGAUGAGUUUAUGUUUUAUCCAACUGGCCCUCAAAGUCCCGCUUUUGGGGUCAU,hsa-miR-193b,((((((((((((.(((((((((((((((.((.((.((.........)).)).)).))))))))))))))).)))))))))))),CGGGGUUUUGAGGGCGAGAUGA,AACUGGCCCUCAAAGUCCCGCU,-39.3
hsa-miR-194,UGGUUCCCGCCCCCUGUAACAGCAACUCCAUGUGGAAGUGCCCACUGGUUCCAGUGGGGCUGCUGUUAUCUGGGGCGAGGGCCAG,hsa-miR-194,((((((.((((((..(((((((((.((((((.((((...(((....))))))))))))).)))))))))..)))))).)))))).,UGUAACAGCAACUCCAUGUGGA,CCAGUGGGGCUGCUGUUAUCUG,-38.4
hsa-miR-195,AGCUUCCCUGGCUCUAGCAGCACAGAAAUAUUGGCACAGGGAAGCGAGUCUGCCAAUAUUGGCUGUGCUGCUCCAGGCAGGGUGGUG,hsa-miR-195,.(((.(((((.((..((((((((((.((((((((((..((........))))))))))))..))))))))))..)).))))).))).,UAGCAGCACAGAAAUAUUGGC,CCAAUAUUGGCUGUGCUGCUCC,-46.3
hsa-miR-196a,UGCUCGCUCAGCUGAUCUGUGGCUUAGGUAGUUUCAUGUUGUUGGGAUUGAGUUUUGAACUCGGCAACAAGAAACUGCCUGAGUUACAUCAGUCGGUUUUCGUCGAGGGC,hsa-miR-196a,..(((((..(((((((.((((((((((((((((((.((((((((((.((........)))))))))))).))))))))))))))))))...)))))))...).))))...,UAGGUAGUUUCAUGUUGUUGGG,CGGCAACAAGAAACUGCCUGAG,-24.8
hsa-miR-196b,ACUGGUCGGUGAUUUAGGUAGUUUCCUGUUGUUGGGAUCCACCUUUCUCUCGACAGCACGACACUGCCUUCAUUACUUCAGUUG,hsa-miR-196b,(((((..((((((..(((((((.((.(((((((((((..........))))))))))).)).)))))))..)))))))))))..,UAGGUAGUUUCCUGUUGUUGGG,UCGACAGCACGACACUGCCUUC,-34
hsa-miR-197,GGCUGUGCCGGGUAGAGAGGGCAGUGGGAGGUAAGAGCUCUUCACCCUUCACCACCUUCUCCACCCAGCAUGGCC,hsa-miR-197,((((((((.((((.(((((((..(((((.((((((....))).))).)))))..))))))).)))).)))))))),CGGGUAGAGAGGGCAGUGGGAGG,UUCACCACCUUCUCCACCCAGC,-41.4
hsa-miR-198,UCAUUGGUCCAGAGGGGAGAUAGGUUCCUGUGAUUUUUCCUUCUUCUCUAUAGAAUAAAUGA,hsa-miR-198,(((((..((...((((((((.(((..............)))))))))))...))...))))),GGUCCAGAGGGGAGAUAGGUUC,,-13.8
hsa-miR-199a,GCCAACCCAGUGUUCAGACUACCUGUUCAGGAGGCUCUCAAUGUGUACAGUAGUCUGCACAUUGGUUAGGC,hsa-miR-199a,(((...(((((((.((((((((.(((.((.(((...)))..))...))))))))))).)))))))...))),CCCAGUGUUCAGACUACCUGUUC,ACAGUAGUCUGCACAUUGGUUA,-28.5
hsa-miR-199b,CCAGAGGACACCUCCACUCCGUCUACCCAGUGUUUAGACUAUCUGUUCAGGACUCCCAAAUUGUACAGUAGUCUGCACAUUGGUUAGGCUGGGCUGGGUUAGACCCUCGG,hsa-miR-199b,((.((((.....(((((((.(((((.(((((((.(((((((.((((.(((..........))).))))))))))).))))))).))))).))).))))......)))))),CCCAGUGUUUAGACUAUCUGUUC,ACAGUAGUCUGCACAUUGGUUA,-42.1
hsa-miR-200a,CCGGGCCCCUGUGAGCAUCUUACCGGACAGUGCUGGAUUUCCCAGCUUGACUCUAACACUGUCUGGUAACGAUGUUCAAAGGUGACCCGC,hsa-miR-200a,.(((((.(((.(((((((((((((((((((((((((.....)))))...........)))))))))))).)))))))).))).).)))).,CAUCUUACCGGACAGUGCUGGA,UAACACUGUCUGGUAACGAUGU,-47.1
hsa-miR-200b,CCAGCUCGGGCAGCCGUGGCCAUCUUACUGGGCAGCAUUGGAUGGAGUCAGGUCUCUAAUACUGCCUGGUAAUGAUGACGGCGGAGCCCUGCACG,hsa-miR-200b,...((..((((..((((.(.(((((((((((((((.((((((..((......)))))))).))))))))))).)))).).)))).)))).))...,CAUCUUACUGGGCAGCAUUGGA,UAAUACUGCCUGGUAAUGAUGA,-44.6
hsa-miR-200c,CCCUCGUCUUACCCAGCAGUGUUUGGGUGCGGUUGGGAGUCUCUAAUACUGCCGGGUAAUGAUGGAGG,hsa-miR-200c,.(((((((((((((.((((((((.(((.((........))))).)))))))).)))))).))).)))),CGUCUUACCCAGCAGUGUUUGG,UAAUACUGCCGGGUAAUGAUGGA,-30.8
hsa-miR-202,CGCCUCAGAGCCGCCCGCCGUUCCUUUUUCCUAUGCAUAUACUUCUUUGAGGAUCUGGCCUAAAGAGGUAUAGGGCAUGGGAAAACGGGGCGGUCGGGUCCUCCCCAGCG,hsa-miR-202,(((....(((..((((((((((((.(((((((((((.(((((((((((.(((......))))))))))))))..))))))))))).))))))).))))).)))....))),UUCCUAUGCAUAUACUUCUUUG,AGAGGUAUAGGGCAUGGGAA,-58.3
hsa-miR-203a,GUGUUGGGGACUCGCGCGCUGGGUCCAGUGGUUCUUAACAGUUCAACAGUUCUGUAGCGCAAUUGUGAAAUGUUUAGGACCACUAGACCCGGCGGGCGCGGCGACAGCGA,hsa-miR-203a,.(((((..(.(.(((.(((((((((.(((((((((.((((.((((.((((((......).))))))))).)))).))))))))).))))))))).))).).)..))))).,AGUGGUUCUUAACAGUUCAACAGUU,GUGAAAUGUUUAGGACCACUAG,-56.4
hsa-miR-203b,GCGCCCGCCGGGUCUAGUGGUCCUAAACAUUUCACAAUUGCGCUACAGAACUGUUGAACUGUUAAGAACCACUGGACCCAGCGCGC,hsa-miR-203b,((((..((.((((((((((((.((.((((.((((((.((.(......))).)).)))).)))).)).)))))))))))).)))))),UAGUGGUCCUAAACAUUUCACA,UUGAACUGUUAAGAACCACUGGA,-38.2
hsa-miR-204,GGCUACAGUCUUUCUUCAUGUGACUCGUGGACUUCCCUUUGUCAUCCUAUGCCUGAGAAUAUAUGAAGGAGGCUGGGAAGGCAAAGGGACGUUCAAUUGUCAUCACUGGC,hsa-miR-204,.....((((..........(((((...(((((.((((((((((.(((((.((((...............))))))))).)))))))))).)))))...))))).))))..,UUCCCUUUGUCAUCCUAUGCCU,GCUGGGAAGGCAAAGGGACGU,-42
hsa-miR-205,AAAGAUCCUCAGACAAUCCAUGUGCUUCUCUUGUCCUUCAUUCCACCGGAGUCUGUCUCAUACCCAACCAGAUUUCAGUGGAGUGAAGUUCAGGAGGCAUGGAGCUGACA,hsa-miR-205,........((((.(..(((((((....((((((..(((((((((((.((((((((.............)))))))).)))))))))))..))))))))))))))))))..,UCCUUCAUUCCACCGGAGUCUG,GAUUUCAGUGGAGUGAAGUUC,-46.2
hsa-miR-206,UGCUUCCCGAGGCCACAUGCUUCUUUAUAUCCCCAUAUGGAUUACUUUGCUAUGGAAUGUAAGGAAGUGUGUGGUUUCGGCAAGUG,hsa-miR-206,.((((.((((((((((((((((((((((((..(((((.(.(......).)))))).)))))))))))))))))))))))).)))).,,UGGAAUGUAAGGAAGUGUGUGG,-43.7
hsa-miR-208a,UGACGGGCGAGCUUUUGGCCCGGGUUAUACCUGAUGCUCACGUAUAAGACGAGCAAAAAGCUUGUUGGUCA,hsa-miR-208a,((((.(((((((((((.((.((..((((((.(((...))).))))))..)).)).))))))))))).)))),GAGCUUUUGGCCCGGGUUAUAC,AUAAGACGAGCAAAAAGCUUGU,-32.4
hsa-miR-208b,CCUCUCAGGGAAGCUUUUUGCUCGAAUUAUGUUUCUGAUCCGAAUAUAAGACGAACAAAAGGUUUGUCUGAGGGCAG,hsa-miR-208b,.((((((((.((((((((((.(((..((((((((.......))))))))..))).)))))))))).))))))))...,AAGCUUUUUGCUCGAAUUAUGU,AUAAGACGAACAAAAGGUUUGU,-31.4
hsa-miR-210,ACCCGGCAGUGCCUCCAGGCGCAGGGCAGCCCCUGCCCACCGCACACUGCGCUGCCCCAGACCCACUGUGCGUGUGACAGCGGCUGAUCUGUGCCUGGGCAGCGCGACCC,hsa-miR-210,....((..((((.(((((((((((..(((((.(((..(((((((((.((.((((...))).).)).)))))).))).))).)))))..)))))))))))..))))..)).,AGCCCCUGCCCACCGCACACUG,CUGUGCGUGUGACAGCGGCUGA,-59.5
hsa-miR-211,UCACCUGGCCAUGUGACUUGUGGGCUUCCCUUUGUCAUCCUUCGCCUAGGGCUCUGAGCAGGGCAGGGACAGCAAAGGGGUGCUCAGUUGUCACUUCCCACAGCACGGAG,hsa-miR-211,.....(((....(((((...(((((.(((((((((..(((((.((((...(((...))).)))))))))..))))))))).)))))...)))))...)))..........,UUCCCUUUGUCAUCCUUCGCCU,GCAGGGACAGCAAAGGGGUGC,-45.5
hsa-miR-212,CGGGGCACCCCGCCCGGACAGCGCGCCGGCACCUUGGCUCUAGACUGCUUACUGCCCGGGCCGCCCUCAGUAACAGUCUCCAGUCACGGCCACCGACGCCUGGCCCCGCC,hsa-miR-212,((((((...((....)).(((.(((.(((..((.(((((..((((((.((((((...(((...))).))))))))))))..))))).))...))).))))))))))))..,ACCUUGGCUCUAGACUGCUUACU,UAACAGUCUCCAGUCACGGCC,-49.9
hsa-miR-214,GGCCUGGCUGGACAGAGUUGUCAUGUGUCUGCCUGUCUACACUUGCUGUGCAGAACAUCCGCUCACCUGUACAGCAGGCACAGACAGGCAGUCACAUGACAACCCAGCCU,hsa-miR-214,.....((((((.....(((((((((((.((((((((((...((((((((((((.............))))))))))))...)))))))))).))))))))))))))))).,UGCCUGUCUACACUUGCUGUGC,ACAGCAGGCACAGACAGGCAGU,-67.5
hsa-miR-215,AUCAUUCAGAAAUGGUAUACAGGAAAAUGACCUAUGAAUUGACAGACAAUAUAGCUGAGUUUGUCUGUCAUUUCUUUAGGCCAAUAUUCUGUAUGACUGUGCUACUUCAA,hsa-miR-215,...........(((((((((((((...((.((((.(((.((((((((((...........)))))))))).)))..)))).))...)))))))).)))))..........,AUGACCUAUGAAUUGACAGAC,UCUGUCAUUUCUUUAGGCCAAUA,-33
hsa-miR-216a,GAUGGCUGUGAGUUGGCUUAAUCUCAGCUGGCAACUGUGAGAUGUUCAUACAAUCCCUCACAGUGGUCUCUGGGAUUAUGCUAAACAGAGCAAUUUCCUAGCCCUCACGA,hsa-miR-216a,((.(((((.((((((((.(((((((((..(((.((((((((.(((....)))....)))))))).))).))))))))).)))))..........))).))))).))....,UAAUCUCAGCUGGCAACUGUGA,UCACAGUGGUCUCUGGGAUUAU,-40.3
hsa-miR-216b,GCAGACUGGAAAAUCUCUGCAGGCAAAUGUGAUGUCACUGAGGAAAUCACACACUUACCCGUAGAGAUUCUACAGUCUGACA,hsa-miR-216b,.(((((((...(((((((((.((.((.((((((.((......)).))))))...)).)).)))))))))...)))))))...,AAAUCUCUGCAGGCAAAUGUGA,ACACACUUACCCGUAGAGAUUCUA,-32.3
hsa-miR-217,AGUAUAAUUAUUACAUAGUUUUUGAUGUCGCAGAUACUGCAUCAGGAACUGAUUGGAUAAGAAUCAGUCACCAUCAGUUCCUAAUGCAUUGCCUUCAGCAUCUAAACAAG,hsa-miR-217,.(((.......)))...((((..(((((.(.((.((.(((((.((((((((((.((((........))).).)))))))))).))))).)).)).).))))).))))...,UACUGCAUCAGGAACUGAUUGGA,,-31.6
hsa-miR-218,GUGAUAAUGUAGCGAGAUUUUCUGUUGUGCUUGAUCUAACCAUGUGGUUGCGAGGUAUGAGUAAAACAUGGUUCCGUCAAGCACCAUGGAACGUCACGCAGCUUUCUACA,hsa-miR-218,(((..((.((.(((.(((.((((((.(((((((((..((((((((..((((.........)))).))))))))..))))))))).)))))).))).))).))))..))).,UUGUGCUUGAUCUAACCAUGU,AUGGUUCCGUCAAGCACCAUGG,-40
hsa-miR-219a,CCGCCCCGGGCCGCGGCUCCUGAUUGUCCAAACGCAAUUCUCGAGUCUAUGGCUCCGGCCGAGAGUUGAGUCUGGACGUCCCGAGCCGCCGCCCCCAAACCUCGAGCGGG,hsa-miR-219a,((((.(.((((.(((((((..(((.(((((.((.(((((((((.(((.........)))))))))))).)).))))))))..))))))).)))).........).)))).,UGAUUGUCCAAACGCAAUUCU,AGAGUUGAGUCUGGACGUCCCG,-54.2
hsa-miR-219b,GGAGCUCAGCCACAGAUGUCCAGCCACAAUUCUCGGUUGGCCGCAGACUCGUACAAGAAUUGCGUUUGGACAAUCAGUGGCGAAGCCC,hsa-miR-219b,((.(((..(((((.(((((((((.(.((((((((((((.......))).))....))))))).).)))))).))).)))))..))))),AGAUGUCCAGCCACAAUUCUCG,AGAAUUGCGUUUGGACAAUCAGU,-35.1
hsa-miR-221,UGAACAUCCAGGUCUGGGGCAUGAACCUGGCAUACAAUGUAGAUUUCUGUGUUCGUUAGGCAACAGCUACAUUGUCUGCUGGGUUUCAGGCUACCUGGAAACAUGUUCUC,hsa-miR-221,.((((((((((((....(((.(((((((((((.(((((((((....(((((((.....))).))))))))))))).))))))).)))).))))))))))....)))))..,ACCUGGCAUACAAUGUAGAUUU,AGCUACAUUGUCUGCUGGGUUUC,-46.5
hsa-miR-222,GCUGCUGGAAGGUGUAGGUACCCUCAAUGGCUCAGUAGCCAGUGUAGAUCCUGUCUUUCGUAAUCAGCAGCUACAUCUGGCUACUGGGUCUCUGAUGGCAUCUUCUAGCU,hsa-miR-222,...(((((((((((......((.(((..(((((((((((((((((((...(((...........)))...))))).))))))))))))))..))).))))))))))))).,CUCAGUAGCCAGUGUAGAUCCU,AGCUACAUCUGGCUACUGGGU,-53.8
hsa-miR-223,CCUGGCCUCCUGCAGUGCCACGCUCCGUGUAUUUGACAAGCUGAGUUGGACACUCCAUGUGGUAGAGUGUCAGUUUGUCAAAUACCCCAAGUGCGGCACAUGCUUACCAG,hsa-miR-223,.((((......((((((((.((((..(.((((((((((((((......(((((((.........))))))))))))))))))))).)..)))).))))).)))...)))),CGUGUAUUUGACAAGCUGAGUU,UGUCAGUUUGUCAAAUACCCCA,-47.4
hsa-miR-224,GGGCUUUCAAGUCACUAGUGGUUCCGUUUAGUAGAUGAUUGUGCAUUGUUUCAAAAUGGUGCCCUAGUGACUACAAAGCCC,hsa-miR-224,(((((((..(((((((((.(((.((((((.(.(((((((.....)))))))).)))))).))))))))))))..))))))),CAAGUCACUAGUGGUUCCGUU,AAAAUGGUGCCCUAGUGACUACA,-37.3
hsa-miR-296,AGGACCCUUCCAGAGGGCCCCCCCUCAAUCCUGUUGUGCCUAAUUCAGAGGGUUGGGUGGAGGCUCUCCUGAAGGGCUCU,hsa-miR-296,.(((((((((..(((((((.((.(((((((((.(((.........)))))))))))).)).)))))))..)))))).))),AGGGCCCCCCCUCAAUCCUGU,GAGGGUUGGGUGGAGGCUCUCC,-41
hsa-miR-297,UGUAUGUAUGUGUGCAUGUGCAUGUAUGUGUAUAUACAUAUAUAUGUAUUAUGUACUCAUAUAUCA,hsa-miR-297,((.(((((((.((((((((((((((((((((....))))))))))))).))))))).))))))))),AUGUAUGUGUGCAUGUGCAUG,,-28.7
hsa-miR-298,UCAGGUCUUCAGCAGAAGCAGGGAGGUUCUCCCAGUGGUUUUCCUUGACUGUGAGGAACUAGCCUGCUGCUUUGCUCAGGAGUGAGCU,hsa-miR-298,(((..((((.((((((((((((..((((((.(((((.(.......).)))).).))))))..))))))..)))))).)))).)))...,AGCAGAAGCAGGGAGGUUCUCCCA,,-34.1
hsa-miR-299,AAGAAAUGGUUUACCGUCCCACAUACAUUUUGAAUAUGUAUGUGGGAUGGUAAACCGCUUCUU,hsa-miR-299,(((((.((((((((((((((((((((((.......)))))))))))))))))))))).))))),UGGUUUACCGUCCCACAUACAU,UAUGUGGGAUGGUAAACCGCUU,-40.3
hsa-miR-300,UGCUACUUGAAGAGAGGUAAUCCUUCACGCAUUUGCUUUACUUGCAAUGAUUAUACAAGGGCAGACUCUCUCUGGGGAGCAAA,hsa-miR-300,((((.((((.((((((....(((((....((((.((.......)))))).......)))))....)))))).)))).))))..,,UAUACAAGGGCAGACUCUCUCU,-21.6
hsa-miR-301a,ACUGCUAACGAAUGCUCUGACUUUAUUGCACUACUGUACUUUACAGCUAGCAGUGCAAUAGUAUUGUCAAAGCAUCUGAAAGCAGG,hsa-miR-301a,.(((((..((.(((((.((((.((((((((((.((((........)).)).))))))))))....)))).))))).))..))))).,GCUCUGACUUUAUUGCACUACU,CAGUGCAAUAGUAUUGUCAAAGC,-30.2
hsa-miR-301b,GCCGCAGGUGCUCUGACGAGGUUGCACUACUGUGCUCUGAGAAGCAGUGCAAUGAUAUUGUCAAAGCAUCUGGGACCA,hsa-miR-301b,.((.((((((((.((((((.((((((((.((...........)).))))))))....)))))).))))))))))....,GCUCUGACGAGGUUGCACUACU,CAGUGCAAUGAUAUUGUCAAAGC,-31.1
hsa-miR-302a,CCACCACUUAAACGUGGAUGUACUUGCUUUGAAACUAAAGAAGUAAGUGCUUCCAUGUUUUGGUGAUGG,hsa-miR-302a,(((.((((.(((((((((.(((((((((((.........))))))))))).))))))))).)))).))),ACUUAAACGUGGAUGUACUUGCU,UAAGUGCUUCCAUGUUUUGGUGA,-33.5
hsa-miR-302b,GCUCCCUUCAACUUUAACAUGGAAGUGCUUUCUGUGACUUUAAAAGUAAGUGCUUCCAUGUUUUAGUAGGAGU,hsa-miR-302b,.....((((.(((..(((((((((((((((.((...........)).)))))))))))))))..))).)))).,ACUUUAACAUGGAAGUGCUUUC,UAAGUGCUUCCAUGUUUUAGUAG,-28.5
hsa-miR-302c,CCUUUGCUUUAACAUGGGGGUACCUGCUGUGUGAAACAAAAGUAAGUGCUUCCAUGUUUCAGUGGAGG,hsa-miR-302c,((((((((..(((((((((((((.((((.(((...)))..)))).)))))))))))))..)))))))),UUUAACAUGGGGGUACCUGCUG,UAAGUGCUUCCAUGUUUCAGUGG,-31.3
hsa-miR-302d,CCUCUACUUUAACAUGGAGGCACUUGCUGUGACAUGACAAAAAUAAGUGCUUCCAUGUUUGAGUGUGG,hsa-miR-302d,((..(((((.((((((((((((((((.(((......)))....)))))))))))))))).))))).)),ACUUUAACAUGGAGGCACUUGC,UAAGUGCUUCCAUGUUUGAGUGU,-29.5
hsa-miR-302e,UUGGGUAAGUGCUUCCAUGCUUCAGUUUCCUUACUGGUAAGAUGGAUGUAGUAAUAGCACCUACCUUAUAGA,hsa-miR-302e,..(((((.((((((((((...(((((......)))))....))))).........))))).)))))......,UAAGUGCUUCCAUGCUU,,-21.5
hsa-miR-302f,UCUGUGUAAACCUGGCAAUUUUCACUUAAUUGCUUCCAUGUUUAUAAAAGA,hsa-miR-302f,(((.(((((((..(((((((.......))))))).....)))))))..))),,UAAUUGCUUCCAUGUUU,-10.5
hsa-miR-320a,GCUUCGCUCCCCUCCGCCUUCUCUUCCCGGUUCUUCCCGGAGUCGGGAAAAGCUGGGUUGAGAGGGCGAAAAAGGAUGAGGU,hsa-miR-320a,((((((.(((....(((((((((..(((((((.((((((....)))))).)))))))..))))))))).....))))))))),,AAAAGCUGGGUUGAGAGGGCGA,-47.6
hsa-miR-320b,AAUUAAUCCCUCUCUUUCUAGUUCUUCCUAGAGUGAGGAAAAGCUGGGUUGAGAGGGCAAACAAAUUAACUAAUUAAUU,hsa-miR-320b,.......(((((((..(((((((.(((((......))))).)))))))..)))))))......................,AAAAGCUGGGUUGAGAGGGCAA,,-26.3
hsa-miR-320c,UUUGCAUUAAAAAUGAGGCCUUCUCUUCCCAGUUCUUCCCAGAGUCAGGAAAAGCUGGGUUGAGAGGGUAGAAAAAAAAUGAUGUAGG,hsa-miR-320c,.((((((((........((((((((..(((((((.((((........)))).)))))))..))))))))..........)))))))).,,AAAAGCUGGGUUGAGAGGGU,-35.3
hsa-miR-320d,UUCUCGUCCCAGUUCUUCCCAAAGUUGAGAAAAGCUGGGUUGAGAGGA,hsa-miR-320d,((((((.(((((((.(((.((....)).))).))))))).))))))..,,AAAAGCUGGGUUGAGAGGA,-19.7
hsa-miR-320e,GCCUUCUCUUCCCAGUUCUUCCUGGAGUCGGGGAAAAGCUGGGUUGAGAAGGU,hsa-miR-320e,((((((((..(((((((.(((((.(...).))))).)))))))..)))))))),,AAAGCUGGGUUGAGAAGG,-32.5
hsa-miR-323a,UUGGUACUUGGAGAGAGGUGGUCCGUGGCGCGUUCGCUUUAUUUAUGGCGCACAUUACACGGUCGACCUCUUUGCAGUAUCUAAUC,hsa-miR-323a,..((((((.(.((((((((.(.(((((..(.((.((((........)))).)).)..))))).).)))))))).))))))).....,AGGUGGUCCGUGGCGCGUUCGC,CACAUUACACGGUCGACCUCU,-38.5
hsa-miR-323b,UGGUACUCGGAGGGAGGUUGUCCGUGGUGAGUUCGCAUUAUUUAAUGAUGCCCAAUACACGGUCGACCUCUUUUCGGUAUCA,hsa-miR-323b,((((((.(((((((((((((.(((((........(((((((...)))))))......))))).))))))))))))))))))),AGGUUGUCCGUGGUGAGUUCGCA,CCCAAUACACGGUCGACCUCUU,-40.2
hsa-miR-324,CUGACUAUGCCUCCCCGCAUCCCCUAGGGCAUUGGUGUAAAGCUGGAGACCCACUGCCCCAGGUGCUGCUGGGGGUUGUAGUC,hsa-miR-324,..(((((((.(((((.(((.(.(((.(((((.(((.((..........))))).))))).))).).))).))))).))))))),CGCAUCCCCUAGGGCAUUGGUGU,ACUGCCCCAGGUGCUGCUGG,-36.8
hsa-miR-325,AUACAGUGCUUGGUUCCUAGUAGGUGUCCAGUAAGUGUUUGUGACAUAAUUUGUUUAUUGAGGACCUCCUAUCAAUCAAGCACUGUGCUAGGCUCUGG,hsa-miR-325,.((((((((((((((..(((.((((.(.(((((((((((...))))).......)))))).).)))).)))..))))))))))))))...........,CCUAGUAGGUGUCCAGUAAGUGU,,-32.6
hsa-miR-326,CUCAUCUGUCUGUUGGGCUGGAGGCAGGGCCUUUGUGAAGGCGGGUGGUGCUCAGAUCGCCUCUGGGCCCUUCCUCCAGCCCCGAGGCGGAUUCA,hsa-miR-326,...((((((((...((((((((((.(((((((......((((((.((.....))..))))))..))))))).))))))))))..))))))))...,,CCUCUGGGCCCUUCCUCCAG,-54.7
hsa-miR-328,UGGAGUGGGGGGGCAGGAGGGGCUCAGGGAGAAAGUGCAUACAGCCCCUGGCCCUCUCUGCCCUUCCGUCCCCUG,hsa-miR-328,.(((.((((((((((((.(((((.(((((.......((.....)))))))))))).)))))))))))))))....,GGGGGGGCAGGAGGGGCUCAGGG,CUGGCCCUCUCUGCCCUUCCGU,-43.7
hsa-miR-329,GGUACCUGAAGAGAGGUUUUCUGGGUUUCUGUUUCUUUAAUGAGGACGAAACACACCUGGUUAACCUCUUUUCCAGUAUC,hsa-miR-329,(((((..(((((((((((..((((((...((((((.((......)).)))))).))))))..)))))))))))..))))),GAGGUUUUCUGGGUUUCUGUUUC,AACACACCUGGUUAACCUCUUU,-32.6
hsa-miR-330,CUUUGGCGAUCACUGCCUCUCUGGGCCUGUGUCUUAGGCUCUGCAAGAUCAACCGAGCAAAGCACACGGCCUGCAGAGAGGCAGCGCUCUGCCC,hsa-miR-330,....(((((.(.(((((((((((((((((((.(((..((((.............)))).))))))).))))..))))))))))).).)).))).,UCUCUGGGCCUGUGUCUUAGGC,GCAAAGCACACGGCCUGCAGAGA,-46.9
hsa-miR-331,GAGUUUGGUUUUGUUUGGGUUUGUUCUAGGUAUGGUCCCAGGGAUCCCAGAUCAAACCAGGCCCCUGGGCCUAUCCUAGAACCAACCUAAGCUC,hsa-miR-331,............(((((((((.((((((((.((((.(((((((...((...........)).))))))).)))))))))))).)))))))))..,CUAGGUAUGGUCCCAGGGAUCC,GCCCCUGGGCCUAUCCUAGAA,-43.4
hsa-miR-335,UGUUUUGAGCGGGGGUCAAGAGCAAUAACGAAAAAUGUUUGUCAUAAACCGUUUUUCAUUAUUGCUCCUGACCUCCUCUCAUUUGCUAUAUUCA,hsa-miR-335,.....((((.((((((((.(((((((((.((((((((.((......)).)))))))).))))))))).)))))))).)))).............,UCAAGAGCAAUAACGAAAAAUGU,UUUUUCAUUAUUGCUCCUGACC,-40.2
hsa-miR-337,GUAGUCAGUAGUUGGGGGGUGGGAACGGCUUCAUACAGGAGUUGAUGCACAGUUAUCCAGCUCCUAUAUGAUGCCUUUCUUCAUCCCCUUCAA,hsa-miR-337,.............((((((((((((.(((.(((((.(((((((((((......))).)))))))).))))).))).))).)))))))))....,GAACGGCUUCAUACAGGAGUU,CUCCUAUAUGAUGCCUUUCUUC,-40.4
hsa-miR-338,UCUCCAACAAUAUCCUGGUGCUGAGUGAUGACUCAGGCGACUCCAGCAUCAGUGAUUUUGUUGAAGA,hsa-miR-338,(((.((((((.(((((((((((((((.............))).))))))))).))).)))))).))),AACAAUAUCCUGGUGCUGAGUG,UCCAGCAUCAGUGAUUUUGUUG,-26.9
hsa-miR-339,CGGGGCGGCCGCUCUCCCUGUCCUCCAGGAGCUCACGUGUGCCUGCCUGUGAGCGCCUCGACGACAGAGCCGGCGCCUGCCCCAGUGUCUGCGC,hsa-miR-339,.(((((((.((((..(.(((((.((.(((.(((((((.((....)).))))))).))).)).))))).)..)))).)))))))...........,UCCCUGUCCUCCAGGAGCUCACG,UGAGCGCCUCGACGACAGAGCCG,-47.4
hsa-miR-340,UUGUACCUGGUGUGAUUAUAAAGCAAUGAGACUGAUUGUCAUAUGUCGUUUGUGGGAUCCGUCUCAGUUACUUUAUAGCCAUACCUGGUAUCUUA,hsa-miR-340,..(((((.((((((.((((((((...((((((.((((.(((((.......))))))))).))))))....)))))))).)))))).)))))....,UUAUAAAGCAAUGAGACUGAUU,UCCGUCUCAGUUACUUUAUAGC,-35.8
hsa-miR-342,GAAACUGGGCUCAAGGUGAGGGGUGCUAUCUGUGAUUGAGGGACAUGGUUAAUGGAAUUGUCUCACACAGAAAUCGCACCCGUCACCUUGGCCUACUUA,hsa-miR-342,.....(((((.((((((((.((((((..((((((..(((((.((((.....)))....).)))))))))))....)))))).)))))))))))))....,AGGGGUGCUAUCUGUGAUUGA,UCUCACACAGAAAUCGCACCCGU,-47.7
hsa-miR-345,ACCCAAACCCUAGGUCUGCUGACUCCUAGUCCAGGGCUCGUGAUGGCUGGUGGGCCCUGAACGAGGGGUCUGGAGGCCUGGGUUUGAAUAUCGACAGC,hsa-miR-345,...(((((((.((((((.(.(((((((.((.((((((((((........)))))))))).)).))))))).).)))))))))))))............,GCUGACUCCUAGUCCAGGGCUC,GCCCUGAACGAGGGGUCUGGAG,-51.9
hsa-miR-346,GGUCUCUGUGUUGGGCGUCUGUCUGCCCGCAUGCCUGCCUCUCUGUUGCUCUGAAGGAGGCAGGGGCUGGGCCUGCAGCUGCCUGGGCAGAGCGG,hsa-miR-346,.(.((((((..((((((.((((..((((((...((((((((.((..........)))))))))).)).))))..)))).)))))).)))))))..,UGUCUGCCCGCAUGCCUGCCUCU,,-48.1
hsa-miR-361,GGAGCUUAUCAGAAUCUCCAGGGGUACUUUAUAAUUUCAAAAAGUCCCCCAGGUGUGAUUCUGAUUUGCUUC,hsa-miR-361,(((((..(((((((((.((.((((.(((((..........))))).)))).))...)))))))))..))))),UUAUCAGAAUCUCCAGGGGUAC,UCCCCCAGGUGUGAUUCUGAUUU,-31.4
hsa-miR-362,CUUGAAUCCUUGGAACCUAGGUGUGAGUGCUAUUUCAGUGCAACACACCUAUUCAAGGAUUCAAA,hsa-miR-362,.(((((((((((((...((((((((.(((((.....)))))..))))))))))))))))))))).,AAUCCUUGGAACCUAGGUGUGAGU,AACACACCUAUUCAAGGAUUCA,-31.5
hsa-miR-363,UGUUGUCGGGUGGAUCACGAUGCAAUUUUGAUGAGUAUCAUAGGAGAAAAAUUGCACGGUAUCCAUCUGUAAACC,hsa-miR-363,.(((..(((((((((..((.(((((((((..................)))))))))))..)))))))))..))).,CGGGUGGAUCACGAUGCAAUUU,AAUUGCACGGUAUCCAUCUGUA,-26.2
hsa-miR-365a,ACCGCAGGGAAAAUGAGGGACUUUUGGGGGCAGAUGUGUUUCCAUUCCACUAUCAUAAUGCCCCUAAAAAUCCUUAUUGCUCUUGCA,hsa-miR-365a,...((((((..((((((((..(((((((((((((((((.........))).)))....))))))))))).))))))))..)))))).,AGGGACUUUUGGGGGCAGAUGUG,UAAUGCCCCUAAAAAUCCUUAU,-34.5
hsa-miR-365b,AGAGUGUUCAAGGACAGCAAGAAAAAUGAGGGACUUUCAGGGGCAGCUGUGUUUUCUGACUCAGUCAUAAUGCCCCUAAAAAUCCUUAUUGUUCUUGCAGUGUGCAUCGGG,hsa-miR-365b,...........(.((((((((((.((((((((..(((.(((((((((((.(((....))).)))).....))))))).))).)))))))).)))))))..))).)......,AGGGACUUUCAGGGGCAGCUGU,UAAUGCCCCUAAAAAUCCUUAU,-39.3
hsa-miR-367,CCAUUACUGUUGCUAAUAUGCAACUCUGUUGAAUAUAAAUUGGAAUUGCACUUUAGCAAUGGUGAUGG,hsa-miR-367,((((((((((((((((..(((((.((((.(........).)))).)))))..)))))))))))))))),ACUGUUGCUAAUAUGCAACUCU,AAUUGCACUUUAGCAAUGGUGA,-29.1
hsa-miR-369,UUGAAGGGAGAUCGACCGUGUUAUAUUCGCUUUAUUGACUUCGAAUAAUACAUGGUUGAUCUUUUCUCAG,hsa-miR-369,.(((.((((((((((((((((..((((((............))))))..)))))))))))))))).))).,AGAUCGACCGUGUUAUAUUCGC,AAUAAUACAUGGUUGAUCUUU,-28.1
hsa-miR-370,AGACAGAGAAGCCAGGUCACGUCUCUGCAGUUACACAGCUCACGAGUGCCUGCUGGGGUGGAACCUGGUCUGUCU,hsa-miR-370,((((((....(((((((..((((((.((((...(((.........))).)))).))))))..))))))))))))),CAGGUCACGUCUCUGCAGUUAC,GCCUGCUGGGGUGGAACCUGGU,-31.6
hsa-miR-371a,GUGGCACUCAAACUGUGGGGGCACUUUCUGCUCUCUGGUGAAAGUGCCGCCAUCUUUUGAGUGUUAC,hsa-miR-371a,((((((((((((..((((.(((((((((.(((....)))))))))))).))))..)))))))))))),ACUCAAACUGUGGGGGCACU,AAGUGCCGCCAUCUUUUGAGUGU,-39.2
hsa-miR-371b,GGUAACACUCAAAAGAUGGCGGCACUUUCACCAGAGAGCAGAAAGUGCCCCCACAGUUUGAGUGCC,hsa-miR-371b,.....((((((((...(((.(((((((((...........))))))))).)))...))))))))..,ACUCAAAAGAUGGCGGCACUUU,AAGUGCCCCCACAGUUUGAGUGC,-28.3
hsa-miR-372,GUGGGCCUCAAAUGUGGAGCACUAUUCUGAUGUCCAAGUGGAAAGUGCUGCGACAUUUGAGCGUCAC,hsa-miR-372,...((((((((((((.(((((((.((((..(.....)..)))))))))).).))))))))).)))..,CCUCAAAUGUGGAGCACUAUUCU,AAAGUGCUGCGACAUUUGAGCGU,-27.4
hsa-miR-373,GGGAUACUCAAAAUGGGGGCGCUUUCCUUUUUGUCUGUACUGGGAAGUGCUUCGAUUUUGGGGUGUCCC,hsa-miR-373,((((((((((((((.((((((((((((..............)))))))))))).))))).))))))))),ACUCAAAAUGGGGGCGCUUUCC,GAAGUGCUUCGAUUUUGGGGUGU,-36.4
hsa-miR-374a,UACAUCGGCCAUUAUAAUACAACCUGAUAAGUGUUAUAGCACUUAUCAGAUUGUAUUGUAAUUGUCUGUGUA,hsa-miR-374a,(((((.(((.((((((((((((.(((((((((((....))))))))))).)))))))))))).))).))))),UUAUAAUACAACCUGAUAAGUG,CUUAUCAGAUUGUAUUGUAAUU,-34.5
hsa-miR-374b,ACUCGGAUGGAUAUAAUACAACCUGCUAAGUGUCCUAGCACUUAGCAGGUUGUAUUAUCAUUGUCCGUGUCU,hsa-miR-374b,((.(((((((..(((((((((((((((((((((....)))))))))))))))))))))..))))))).))..,AUAUAAUACAACCUGCUAAGUG,CUUAGCAGGUUGUAUUAUCAUU,-40.3
hsa-miR-374c,ACACGGACAAUGAUAAUACAACCUGCUAAGUGCUAGGACACUUAGCAGGUUGUAUUAUAUCCAUCCGAGU,hsa-miR-374c,...((((.....((((((((((((((((((((......)))))))))))))))))))).....))))...,AUAAUACAACCUGCUAAGUGCU,CACUUAGCAGGUUGUAUUAUAU,-36.5
hsa-miR-375,CCCCGCGACGAGCCCCUCGCACAAACCGGACCUGAGCGUUUUGUUCGUUCGGCUCGCGUGAGGC,hsa-miR-375,.((((((.((((((...((.(((((.((........)).))))).))...)))))))))).)).,,UUUGUUCGUUCGGCUCGCGUGA,-26.8
hsa-miR-376a,UAAAAGGUAGAUUCUCCUUCUAUGAGUACAUUAUUUAUGAUUAAUCAUAGAGGAAAAUCCACGUUUUC,hsa-miR-376a,.((((.((.((((.((((.((((((...(((.....))).....)))))))))).)))).)).)))).,GUAGAUUCUCCUUCUAUGAGUA,AUCAUAGAGGAAAAUCCACGU,-18.2
hsa-miR-376b,CAGUCCUUCUUUGGUAUUUAAAACGUGGAUAUUCCUUCUAUGUUUACGUGAUUCCUGGUUAAUCAUAGAGGAAAAUCCAUGUUUUCAGUAUCAAAUGCUG,hsa-miR-376b,((((.....(((((((((.(((((((((((.(((((.(((((...((..........))....)))))))))).))))))))))).))))))))).)))),CGUGGAUAUUCCUUCUAUGUUU,AUCAUAGAGGAAAAUCCAUGUU,-33.6
hsa-miR-376c,AAAAGGUGGAUAUUCCUUCUAUGUUUAUGUUAUUUAUGGUUAAACAUAGAGGAAAUUCCACGUUUU,hsa-miR-376c,((((.(((((..(((((.(((((((((.............))))))))))))))..))))).)))),GGUGGAUAUUCCUUCUAUGUU,AACAUAGAGGAAAUUCCACGU,-24.9
hsa-miR-377,UUGAGCAGAGGUUGCCCUUGGUGAAUUCGCUUUAUUUAUGUUGAAUCACACAAAGGCAACUUUUGUUUG,hsa-miR-377,..((((((((((((((.(((((((.(((((.........).)))))))).))).)))))))))))))).,AGAGGUUGCCCUUGGUGAAUUC,AUCACACAAAGGCAACUUUUGU,-27.7
hsa-miR-378a,AGGGCUCCUGACUCCAGGUCCUGUGUGUUACCUAGAAAUAGCACUGGACUUGGAGUCAGAAGGCCU,hsa-miR-378a,(((.((.((((((((((((((.((((..(........)..)))).)))))))))))))).)).))),CUCCUGACUCCAGGUCCUGUGU,ACUGGACUUGGAGUCAGAAGGC,-38.5
hsa-miR-378b,GGUCAUUGAGUCUUCAAGGCUAGUGGAAAGAGCACUGGACUUGGAGGCAGAAAGACC,hsa-miR-378b,((((.((..(((((((((.((((((.......)))))).)))))))))..)).)))),,ACUGGACUUGGAGGCAGAA,-26.4
hsa-miR-378c,GGAGGCCAUCACUGGACUUGGAGUCAGAAGAGUGGAGUCGGGUCAGACUUCAACUCUGACUUUGAAGGUGGUGAGUGCCUC,hsa-miR-378c,.(((((..((((((...(((((((((((....(((((((......)))))))..)))))))))))...))))))..))))),ACUGGACUUGGAGUCAGAAGAGUGG,,-36.7
hsa-miR-378d,ACUGUUUCUGUCCUUGUUCUUGUUGUUAUUACUGGACUUGGAGUCAGAAACAGG,hsa-miR-378d,.((((((((((((..((((..((.......)).))))..)))..))))))))).,,ACUGGACUUGGAGUCAGAAA,-19.8
hsa-miR-378e,CUGACUCCAGUGUCCAGGCCAGGGGCAGACAGUGGACAGAGAACAGUGCCCAAGACCACUGGACUUGGAGUCAGGACAU,hsa-miR-378e,((((((((((.((((((.....(((((....((.........))..))))).......)))))))))))))))).....,,ACUGGACUUGGAGUCAGGA,-35.4
hsa-miR-378f,GUCAGGUCCUGGACUCCCAUAGUUUUCAGGCUGCUAAACAACAGAACGAGCACUGGACUUGGAGCCAGAAGUCUUGGG,hsa-miR-378f,.(((((.(((((.((((...((((..((((((................))).))))))).))))))))..).))))).,,ACUGGACUUGGAGCCAGAAG,-22.3
hsa-miR-378g,CACUGGGCUUGGAGUCAGAAGACCUGGCUCCAGCCCAGCUC,hsa-miR-378g,..(((((((.((((((((.....)))))))))))))))...,ACUGGGCUUGGAGUCAGAAG,,-27.5
hsa-miR-378h,ACAGGAACACUGGACUUGGUGUCAGAUGGGAUGAGCCCUGGCUCUGUUUCCUAGCAGCAAUCUGAUCUUGAGCUAGUCACUGG,hsa-miR-378h,.(((....(((((.(((((.(((((((((((.((((....))))...))))........))))))).))))))))))..))).,ACUGGACUUGGUGUCAGAUGG,,-24.3
hsa-miR-378i,GGGAGCACUGGACUAGGAGUCAGAAGGUGGAGUUCUGGGUGCUGUUUUCCCACUCUUGGGCCCUGGGCAUGUUCUG,hsa-miR-378i,.((((((.((..(((((.(((..((((((((((.......)))......)))).))).)))))))).)))))))).,ACUGGACUAGGAGUCAGAAGG,,-23.1
hsa-miR-378j,AUGCAGUGAGUCGGGGAGGAACUGGAUUUGGAGCCAGAAGAACUGGUUCUAAUAUCUACUUCCCUGUGUAGAGUUGGGAUUUGGGAUUAUAUGAGUUAAUAUACACCAA,hsa-miR-378j,.((((......((((((((...(((((((((((((((.....)))))))))).)))))))))))))))))..........((((...(((((......)))))..)))),ACUGGAUUUGGAGCCAGAA,,-33.4
hsa-miR-379,AGAGAUGGUAGACUAUGGAACGUAGGCGUUAUGAUUUCUGACCUAUGUAACAUGGUCCACUAACUCU,hsa-miR-379,((((.((((.(((((((..(((((((((..........)).)))))))..))))))).)))).)))),UGGUAGACUAUGGAACGUAGG,UAUGUAACAUGGUCCACUAACU,-26.3
hsa-miR-380,AAGAUGGUUGACCAUAGAACAUGCGCUAUCUCUGUGUCGUAUGUAAUAUGGUCCACAUCUU,hsa-miR-380,((((((...(((((((..(((((((.(((....))).)))))))..)))))))..)))))),UGGUUGACCAUAGAACAUGCGC,UAUGUAAUAUGGUCCACAUCUU,-24.5
hsa-miR-381,UACUUAAAGCGAGGUUGCCCUUUGUAUAUUCGGUUUAUUGACAUGGAAUAUACAAGGGCAAGCUCUCUGUGAGUA,hsa-miR-381,((((((.((.(((.((((((((.((((((((.((........)).)))))))))))))))).))).)).)))))),AGCGAGGUUGCCCUUUGUAUAU,UAUACAAGGGCAAGCUCUCUGU,-35.5
hsa-miR-382,UACUUGAAGAGAAGUUGUUCGUGGUGGAUUCGCUUUACUUAUGACGAAUCAUUCACGGACAACACUUUUUUCAGUA,hsa-miR-382,((((.(((((((.(((((((((((..(((((((.........).))))))..)))))))))))..))))))))))),GAAGUUGUUCGUGGUGGAUUCG,AAUCAUUCACGGACAACACUU,-29.1
hsa-miR-383,CUCCUCAGAUCAGAAGGUGAUUGUGGCUUUGGGUGGAUAUUAAUCAGCCACAGCACUGCCUGGUCAGAAAGAG,hsa-miR-383,(((.((.((((((..((((.((((((((...(((........)))))))))))))))..)))))).))..))),AGAUCAGAAGGUGAUUGUGGCU,ACAGCACUGCCUGGUCAGA,-28.1
hsa-miR-384,UGUUAAAUCAGGAAUUUUAAACAAUUCCUAGACAAUAUGUAUAAUGUUCAUAAGUCAUUCCUAGAAAUUGUUCAUAAUGCCUGUAACA,hsa-miR-384,(((((...((((.(((...(((((((.((((((..((((.........)))).))).....))).)))))))...))).))))))))),,AUUCCUAGAAAUUGUUCAUA,-14.9
hsa-miR-409,UGGUACUCGGGGAGAGGUUACCCGAGCAACUUUGCAUCUGGACGACGAAUGUUGCUCGGUGAACCCCUUUUCGGUAUCA,hsa-miR-409,((((((.(((((((.((((..((((((((((((((........).)))).)))))))))..)))).))))))))))))),AGGUUACCCGAGCAACUUUGCAU,GAAUGUUGCUCGGUGAACCCCU,-36.7
hsa-miR-410,GGUACCUGAGAAGAGGUUGUCUGUGAUGAGUUCGCUUUUAUUAAUGACGAAUAUAACACAGAUGGCCUGUUUUCAGUACC,hsa-miR-410,(((((.((((((.((((((((((((.((.((((((..........).))))).)).)))))))))))).))))))))))),AGGUUGUCUGUGAUGAGUUCG,AAUAUAACACAGAUGGCCUGU,-35.9
hsa-miR-411,UGGUACUUGGAGAGAUAGUAGACCGUAUAGCGUACGCUUUAUCUGUGACGUAUGUAACACGGUCCACUAACCCUCAGUAUCAAAUCCAUCCCCGAG,hsa-miR-411,(((((((..(((.(.((((.((((((...((((((((.........).)))))))...)))))).)))).).))))))))))..............,UAGUAGACCGUAUAGCGUACG,UAUGUAACACGGUCCACUAACC,-30.6
hsa-miR-412,CUGGGGUACGGGGAUGGAUGGUCGACCAGUUGGAAAGUAAUUGUUUCUAAUGUACUUCACCUGGUCCACUAGCCGUCCGUAUCCGCUGCAG,hsa-miR-412,...((((((..((((((.((((.((((((.(((..((((((((....)))).))))))).)))))).)))).)))))))))))).......,UGGUCGACCAGUUGGAAAGUAAU,ACUUCACCUGGUCCACUAGCCGU,-34.3
hsa-miR-421,GCACAUUGUAGGCCUCAUUAAAUGUUUGUUGAAUGAAAAAAUGAAUCAUCAACAGACAUUAAUUGGGCGCCUGCUCUGUGAUCUC,hsa-miR-421,.((((..((((((((((...((((((((((((.(((.........)))))))))))))))...)))).))))))..)))).....,,AUCAACAGACAUUAAUUGGGCGC,-35
hsa-miR-422a,GAGAGAAGCACUGGACUUAGGGUCAGAAGGCCUGAGUCUCUCUGCUGCAGAUGGGCUCUCUGUCCCUGAGCCAAGCUUUGUCCUCCCUGG,hsa-miR-422a,(((.(((((..(((.(((((((.((((.(((((..(((((......).))))))))).)))).)))))))))).)))))...))).....,ACUGGACUUAGGGUCAGAAGGC,,-38.7
hsa-miR-423,AUAAAGGAAGUUAGGCUGAGGGGCAGAGAGCGAGACUUUUCUAUUUUCCAAAAGCUCGGUCUGAGGCCCCUCAGUCUUGCUUCCUAACCCGCGC,hsa-miR-423,....(((((((.((((((((((((..(((.((((.(((((.........))))))))).)))...)))))))))))).))))))).........,UGAGGGGCAGAGAGCGAGACUUU,AGCUCGGUCUGAGGCCCCUCAGU,-48.8
hsa-miR-424,CGAGGGGAUACAGCAGCAAUUCAUGUUUUGAAGUGUUCUAAAUGGUUCAAAACGUGAGGCGCUGCUAUACCCCCUCGUGGGGAAGGUAGAAGGUGGGG,hsa-miR-424,(((((((.((.((((((..(((((((((((((.((((...)))).)))))))))))))..)))))).)).))))))).....................,CAGCAGCAAUUCAUGUUUUGAA,CAAAACGUGAGGCGCUGCUAU,-41.8
hsa-miR-425,GAAAGCGCUUUGGAAUGACACGAUCACUCCCGUUGAGUGGGCACCCGAGAAGCCAUCGGGAAUGUCGUGUCCGCCCAGUGCUCUUUC,hsa-miR-425,(((((.((.((((...(((((((.((.(((((....((((............))))))))).)))))))))...)))).)).))))),AAUGACACGAUCACUCCCGUUGA,AUCGGGAAUGUCGUGUCCGCCC,-34.5
hsa-miR-429,CGCCGGCCGAUGGGCGUCUUACCAGACAUGGUUAGACCUGGCCCUCUGUCUAAUACUGUCUGGUAAAACCGUCCAUCCGCUGC,hsa-miR-429,...((((.((((((((..((((((((((..(((((((..........)))))))..))))))))))...)))))))).)))).,,UAAUACUGUCUGGUAAAACCGU,-38.8
hsa-miR-431,UCCUGCUUGUCCUGCGAGGUGUCUUGCAGGCCGUCAUGCAGGCCACACUGACGGUAACGUUGCAGGUCGUCUUGCAGGGCUUCUCGCAAGACGACAUCCUCAUCACCAACGACG,hsa-miR-431,...((.(((((.(((((((.((((((((((.((.(.((((((((........)))....))))).).)).)))))))))).))))))).)))))))..................,UGUCUUGCAGGCCGUCAUGCA,CAGGUCGUCUUGCAGGGCUUCU,-43.4
hsa-miR-432,UGACUCCUCCAGGUCUUGGAGUAGGUCAUUGGGUGGAUCCUCUAUUUCCUUACGUGGGCCACUGGAUGGCUCCUCCAUGUCUUGGAGUAGAUCA,hsa-miR-432,(((((.(((((((.(.(((((..(((((((.(((((.(((.(((......)).).)))))))).))))))).))))).).))))))).)).))),UCUUGGAGUAGGUCAUUGGGUGG,CUGGAUGGCUCCUCCAUGUCU,-42.6
hsa-miR-433,CCGGGGAGAAGUACGGUGAGCCUGUCAUUAUUCAGAGAGGCUAGAUCCUCUGUGUUGAGAAGGAUCAUGAUGGGCUCCUCGGUGUUCUCCAGG,hsa-miR-433,((..((((((...(((.(((((((((((.(((((.(((((......))))).))........))).))))))))))).)))...)))))).)),UACGGUGAGCCUGUCAUUAUUC,AUCAUGAUGGGCUCCUCGGUGU,-38.4
hsa-miR-448,GCCGGGAGGUUGAACAUCCUGCAUAGUGCUGCCAGGAAAUCCCUAUUUCAUAUAAGAGGGGGCUGGCUGGUUGCAUAUGUAGGAUGUCCCAUCUCCCAGCCCACUUCGUCA,hsa-miR-448,((.(((((((.(.((((((((((((.(((.(((((....(((((.((......)).))))).....))))).))))))))))))))).).))))))).))...........,,UUGCAUAUGUAGGAUGUCCCAU,-51.2
hsa-miR-449a,CUGUGUGUGAUGAGCUGGCAGUGUAUUGUUAGCUGGUUGAAUAUGUGAAUGGCAUCGGCUAACAUGCAACUGCUGUCUUAUUGCAUAUACA,hsa-miR-449a,.(((((((((((((.(((((((((((.((((((((((.(..(((....))).))))))))))))))).))))))).)))))))))))))..,UGGCAGUGUAUUGUUAGCUGGU,,-38.4
hsa-miR-449b,UGACCUGAAUCAGGUAGGCAGUGUAUUGUUAGCUGGCUGCUUGGGUCAAGUCAGCAGCCACAACUACCCUGCCACUUGCUUCUGGAUAAAUUCUUCU,hsa-miR-449b,...((.(((.(((((.(((((.(((..(((.(.((((((((.((......))))))))))))))))).)))))))))).))).))............,AGGCAGUGUAUUGUUAGCUGGC,CAGCCACAACUACCCUGCCACU,-35.7
hsa-miR-449c,GCUGGGAUGUGUCAGGUAGGCAGUGUAUUGCUAGCGGCUGUUAAUGAUUUUAACAGUUGCUAGUUGCACUCCUCUCUGUUGCAUUCAGAAGC,hsa-miR-449c,(((.((((((..((((.(((.((((((..(((((((((((((((.....)))))))))))))))))))))))).))))..))))))...))),UAGGCAGUGUAUUGCUAGCGGCUGU,UUGCUAGUUGCACUCCUCUCUGU,-44.6
hsa-miR-450a,AAACGAUACUAAACUGUUUUUGCGAUGUGUUCCUAAUAUGCACUAUAAAUAUAUUGGGAACAUUUUGCAUGUAUAGUUUUGUAUCAAUAUA,hsa-miR-450a,....(((((.(((((((...(((((.((((((((((((((.........)))))))))))))).)))))...))))))).)))))......,UUUUGCGAUGUGUUCCUAAUAU,AUUGGGAACAUUUUGCAUGUAU,-34.7
hsa-miR-450b,GCAGAAUUAUUUUUGCAAUAUGUUCCUGAAUAUGUAAUAUAAGUGUAUUGGGAUCAUUUUGCAUCCAUAGUUUUGUAU,hsa-miR-450b,((((((((((...(((((.(((.((((((((((.........)))).)))))).))).)))))...))))))))))..,UUUUGCAAUAUGUUCCUGAAUA,UUGGGAUCAUUUUGCAUCCAUA,-22.8
hsa-miR-451a,CUUGGGAAUGGCAAGGAAACCGUUACCAUUACUGAGUUUAGUAAUGGUAAUGGUUCUCUUGCUAUACCCAGA,hsa-miR-451a,.(((((.(((((((((.(((((((((((((((((....))))))))))))))))).))))))))).))))).,AAACCGUUACCAUUACUGAGUU,,-43.4
hsa-miR-451b,UGGGUAUAGCAAGAGAACCAUUACCAUUACUAAACUCAGUAAUGGUAACGGUUUCCUUGCCAUUCCCA,hsa-miR-451b,((((.((.(((((.(((((.(((((((((((......))))))))))).))))).))))).)).)))),UAGCAAGAGAACCAUUACCAUU,,-33
hsa-miR-452,GCUAAGCACUUACAACUGUUUGCAGAGGAAACUGAGACUUUGUAACUAUGUCUCAGUCUCAUCUGCAAAGAAGUAAGUGCUUUGC,hsa-miR-452,((.((((((((((...(.((((((((.((.((((((((...........)))))))).)).)))))))).).)))))))))).)),AACUGUUUGCAGAGGAAACUGA,CUCAUCUGCAAAGAAGUAAGUG,-41.3
hsa-miR-454,UCUGUUUAUCACCAGAUCCUAGAACCCUAUCAAUAUUGUCUCUGCUGUGUAAAUAGUUCUGAGUAGUGCAAUAUUGCUUAUAGGGUUUUGGUGUUUGGAAAGAACAAUGGGCAGG,hsa-miR-454,.(((((((((.((((((.((((((((((((((((((((((((.(((((....)))))...)))....)))))))))...)))))))))))).))))))...))....))))))).,ACCCUAUCAAUAUUGUCUCUGC,UAGUGCAAUAUUGCUUAUAGGGU,-41
hsa-miR-455,UCCCUGGCGUGAGGGUAUGUGCCUUUGGACUACAUCGUGGAAGCCAGCACCAUGCAGUCCAUGGGCAUAUACACUUGCCUCAAGGCCUAUGUCAUC,hsa-miR-455,.....(((.(((((((((((((((.((((((.(((.(((........))).))).)))))).)))))))))).....)))))..))).........,UAUGUGCCUUUGGACUACAUCG,GCAGUCCAUGGGCAUAUACAC,-42.1
hsa-miR-466,GUGUGUGUAUAUGUGUGUUGCAUGUGUGUAUAUGUGUGUAUAUAUGUACACAUACACAUACACGCAACACACAUAUAUACAUGC,hsa-miR-466,(((((((((((((((((((((.(((((((.((((((((........)))))))).))))))).))))))))))))))))))))),,AUACACAUACACGCAACACACAU,-48.9
hsa-miR-483,GAGGGGGAAGACGGGAGGAAAGAAGGGAGUGGUUCCAUCACGCCUCCUCACUCCUCUCCUCCCGUCUUCUCCUCUC,hsa-miR-483,(((((((((((((((((((.((.((.(((.(((........)))..))).)).)).))))))))))))).)))))),AAGACGGGAGGAAAGAAGGGAG,UCACUCCUCUCCUCCCGUCUU,-44.1
hsa-miR-484,AGCCUCGUCAGGCUCAGUCCCCUCCCGAUAAACCCCUAAAUAGGGACUUUCCCGGGGGGUGACCCUGGCUUUUUUGGCG,hsa-miR-484,.(((..((((((....(((.(((((((..(((.((((....))))..)))..))))))).)))))))))......))).,UCAGGCUCAGUCCCCUCCCGAU,,-32.5
hsa-miR-485,ACUUGGAGAGAGGCUGGCCGUGAUGAAUUCGAUUCAUCAAAGCGAGUCAUACACGGCUCUCCUCUCUUUUAGU,hsa-miR-485,(((.(((((((((..(((((((((((.((((...........)))))))).)))))))..))))))))).))),AGAGGCUGGCCGUGAUGAAUUC,GUCAUACACGGCUCUCCUCUCU,-33.6
hsa-miR-486,GCAUCCUGUACUGAGCUGCCCCGAGGCCCUUCAUGCUGCCCAGCUCGGGGCAGCUCAGUACAGGAUAC,hsa-miR-486,..(((((((((((((((((((((((..................)))))))))))))))))))))))..,UCCUGUACUGAGCUGCCCCGAG,CGGGGCAGCUCAGUACAGGAU,-48.6
hsa-miR-487a,GGUACUUGAAGAGUGGUUAUCCCUGCUGUGUUCGCUUAAUUUAUGACGAAUCAUACAGGGACAUCCAGUUUUUCAGUAUC,hsa-miR-487a,((((((.(((((.(((...((((((.(((((((((.........).)))).))))))))))...))).))))).)))))),GUGGUUAUCCCUGCUGUGUUCG,AAUCAUACAGGGACAUCCAGUU,-30.2
hsa-miR-487b,UUGGUACUUGGAGAGUGGUUAUCCCUGUCCUGUUCGUUUUGCUCAUGUCGAAUCGUACAGGGUCAUCCACUUUUUCAGUAUCAA,hsa-miR-487b,.(((((((.(((((((((....((((((.(.(((((............))))).).))))))....))))))))).))))))).,GUGGUUAUCCCUGUCCUGUUCG,AAUCGUACAGGGUCAUCCACUU,-34.1
hsa-miR-488,GAGAAUCAUCUCUCCCAGAUAAUGGCACUCUCAAACAAGUUUCCAAAUUGUUUGAAAGGCUAUUUCUUGGUCAGAUGACUCUC,hsa-miR-488,((((.((((((..((.(((.((((((.((.((((((((.........)))))))).))))))))))).))..)))))).)))),CCCAGAUAAUGGCACUCUCAA,UUGAAAGGCUAUUUCUUGGUC,-32.2
hsa-miR-489,GUGGCAGCUUGGUGGUCGUAUGUGUGACGCCAUUUACUUGAACCUUUAGGAGUGACAUCACAUAUACGGCAGCUAAACUGCUAC,hsa-miR-489,(((((((.(((((.(((((((((((((.(.((((..(((((....))))))))).).))))))))))))).))))).))))))),GGUCGUAUGUGUGACGCCAUUU,GUGACAUCACAUAUACGGCAGC,-38.2
hsa-miR-490,UGGAGGCCUUGCUGGUUUGGAAAGUUCAUUGUUCGACACCAUGGAUCUCCAGGUGGGUCAAGUUUAGAGAUGCACCAACCUGGAGGACUCCAUGCUGUUGAGCUGUUCACAAGCAGCGGACACUUCCA,hsa-miR-490,((((((..((((((.(((((((........((((((((.(((((((((((((((.(((((..........)).))).)))))))))..)))))).))))))))..))).))))))))))...)))))),CCAUGGAUCUCCAGGUGGGU,CAACCUGGAGGACUCCAUGCUG,-52.8
hsa-miR-491,UUGACUUAGCUGGGUAGUGGGGAACCCUUCCAUGAGGAGUAGAACACUCCUUAUGCAAGAUUCCCUUCUACCUGGCUGGGUUGG,hsa-miR-491,..(((((((((((((((.((((((..(((.((((((((((.....)))))))))).))).)))))).)))))))))))))))..,AGUGGGGAACCCUUCCAUGAGG,CUUAUGCAAGAUUCCCUUCUAC,-48
hsa-miR-492,CAACUACAGCCACUACUACAGGACCAUCGAGGACCUGCGGGACAAGAUUCUUGGUGCCACCAUUGAGAACGCCAGGAUUGUCCUGCAGAUCAACAAUGCUCAACUGGCUGCAGAUG,hsa-miR-492,...((.((((((.........((.(((.(..((.(((((((((((...((((((((.............))))))))))))))))))).))..).))).))...)))))).))...,AGGACCUGCGGGACAAGAUUCUU,,-40.3
hsa-miR-493,CUGGCCUCCAGGGCUUUGUACAUGGUAGGCUUUCAUUCAUUCGUUUGCACAUUCGGUGAAGGUCUACUGUGUGCCAGGCCCUGUGCCAG,hsa-miR-493,(((((...((((((((.((((((((((((((((((((.................)))))))))))))))))))).)))))))).))))),UUGUACAUGGUAGGCUUUCAUU,UGAAGGUCUACUGUGUGCCAGG,-47.9
hsa-miR-494,GAUACUCGAAGGAGAGGUUGUCCGUGUUGUCUUCUCUUUAUUUAUGAUGAAACAUACACGGGAAACCUCUUUUUUAGUAUC,hsa-miR-494,((((((.((((((((((((.((((((((((.(((((.........)).)))))).))))))).)))))))))))))))))),AGGUUGUCCGUGUUGUCUUCUCU,UGAAACAUACACGGGAAACCUC,-33.9
hsa-miR-495,UGGUACCUGAAAAGAAGUUGCCCAUGUUAUUUUCGCUUUAUAUGUGACGAAACAAACAUGGUGCACUUCUUUUUCGGUAUCA,hsa-miR-495,(((((((.((((((((((.(((((((((..((((((.........).)))))..))))))).)))))))))))).))))))),GAAGUUGCCCAUGUUAUUUUCG,AAACAAACAUGGUGCACUUCUU,-36
hsa-miR-496,CCCAAGUCAGGUACUCGAAUGGAGGUUGUCCAUGGUGUGUUCAUUUUAUUUAUGAUGAGUAUUACAUGGCCAAUCUCCUUUCGGUACUCAAUUCUUCUUGGG,hsa-miR-496,((((((...(((((.((((.((((((((.(((((..(((((((((........)))))))))..))))).)))))))).)))))))))........)))))),,UGAGUAUUACAUGGCCAAUCUC,-43.9
hsa-miR-497,CCACCCCGGUCCUGCUCCCGCCCCAGCAGCACACUGUGGUUUGUACGGCACUGUGGCCACGUCCAAACCACACUGUGGUGUUAGAGCGAGGGUGGGGGAGGCACCGCCGAGG,hsa-miR-497,...((.(((((((.((((((((((((((.((((.(((((((((.(((((......)))..)).))))))))).)))).)))).....).))))))))))))....)))).)),CAGCAGCACACUGUGGUUUGU,CAAACCACACUGUGGUGUUAGA,-55.1
hsa-miR-498,AACCCUCCUUGGGAAGUGAAGCUCAGGCUGUGAUUUCAAGCCAGGGGGCGUUUUUCUAUAACUGGAUGAAAAGCACCUCCAGAGCUUGAAGCUCACAGUUUGAGAGCAAUCGUCUAAGGAAGUU,hsa-miR-498,.....((((((((........(((((((((((((((((((((.(((((.(((((((...........))))))).))))).).)))))))).))))))))))))........))))))))....,UUUCAAGCCAGGGGGCGUUUUUC,,-55.7
hsa-miR-499a,GCCCUGUCCCCUGUGCCUUGGGCGGGCGGCUGUUAAGACUUGCAGUGAUGUUUAACUCCUCUCCACGUGAACAUCACAGCAAGUCUGUGCUGCUUCCCGUCCCUACGCUGCCUGGGCAGGGU,hsa-miR-499a,(((((((((.....((...(((((((.(((.((..((((((((.((((((((((.............)))))))))).))))))))..)).))).)))).)))...)).....))))))))),UUAAGACUUGCAGUGAUGUUU,AACAUCACAGCAAGUCUGUGCU,-63.2
hsa-miR-499b,GGAAGCAGCACAGACUUGCUGUGAUGUUCACGUGGAGAGGAGUUAAACAUCACUGCAAGUCUUAACAGCCGCC,hsa-miR-499b,((..((.....((((((((.((((((((.((.(......).))..)))))))).)))))))).....))..)),ACAGACUUGCUGUGAUGUUCA,AACAUCACUGCAAGUCUUAACA,-25
