"","mature5p_seq","mature3p_seq","oh"
"1","AGUAACCCAGAUUUUAGAU","GAUGAUCUAAAAUCUGGGU",-4
"2","AGUCCGAAGCCCUGGACAUGAGAG","AAUCCUCUCAUGUCCAGGGCUUCG",-4
"3","CUGAAAAGGUGGCCUACACGUAUG","GGCUCAUACGUGUAGGCCACCUUU",-4
"4","UCAUAAGGAGUAAAGCAAUCAACGGUG","CUUUUCACCGUUGAUUGCUUUACUCCU",-5
"5","GAUACCGUGAGUCGCCUUGUACUC","UACAAGGCGACUCACGGUAUCAAA",3
"6","AAUAAUCCGGGGGGCGCACAUGGAAGG","CCAUGUGCGCCCCCCGGAUUAUUAAAC",4
"7","AAUACCGGGUCAUACUUGCAUU","CAAGUAUGACCCGGUAUUACUU",4
"8","GCAUCGAUGCUCGAUGAUGAGUUGUA","CAACUCAUCAUCGAGCAUCGAUGCCA",2
"9","CUGGGGCAAUUUUACAGCUAACUU","UAGCUGUAAAAUUGCCCCAGAUCC",4
"10","AUCCGCAUGCAGGAAUGUUCUGG","GUUGGCCAGAACAUUCCUGCAUG",-5
"11","ACUCCAGAGAUACGCCAUA","CGUAUCUCUGGAGUCCAAC",5
"12","CAUCCAUUCACAGUUUGGUGCCA","AGUGGCACCAAACUGUGAAUGGA",-2
"13","CUAUCUAGACGAGCUUCUUUCAUG","AAAGAAGCUCGUCUAGAUAGAGAC",4
"14","GAGGAACCUUUCUUACCUUAA","AGGUAAGAAAGGUUCCUCAUA",3
"15","GUAGCGCAUGUGUCUCGUCUGGAGA","AGACGAGACACAUGCGCUACCUGGA",5
"16","UGUUCGGCAUACCAUCGGCAG","GCCCUGCCGAUGGUAUGCCGA",-3
"17","CCGGCUAUACGCACACGGG","GCCCGUGUGCGUAUAGCCG",-1
"18","GGUUCACCAGGCUAAGGUCUCCG","CCUUCGGAGACCUUAGCCUGGUG",-4
"19","AUGGUCCAAGAGGGUUCCU","ACGCUAGGAACCCUCUUGG",-5
"20","GCGUAUUCCCAGCUUCACCUGAU","AGGUGAAGCUGGGAAUACGCUUU",3
"21","GGUCGAUGCGGUAUAGACGCAAG","UCUUGCGUCUAUACCGCAUCGAC",-1
"22","GAGUUUAUUCGAAAGUGGC","CUUUCGAAUAAACUCCGGC",4
"23","UCUACGGUAAUGAGCUAUUGCU","CAGCAAUAGCUCAUUACCGUAG",-1
"24","UAGCGAUUACGUGCCGAGUGUGGAC","ACACUCGGCACGUAAUCGCUACCCA",4
"25","GGAAAUGCCUGGGGCAAU","GCAUUGCCCCAGGCAUUU",-2
"26","CGGAGCCAUAAAAUAGGGCAAGUA","GCCCUAUUUUAUGGCUCCGGGAUA",5
"27","AGGACGUGCGCCGGGGUUAUAUGGUUA","CUAACCAUAUAACCCCGGCGCACGUCC",-1
"28","UACAGCGCGCCGCAGGGAUUU","UCCUAAAUCCCUGCGGCGCGC",-4
"29","CCUGCCUCGUCCGGAUAGA","CUAUCCGGACGAGGCAGGC",1
"30","AAAGGGUCGCCAGCAAAAUA","UUGCUGGCGACCCUUUAUGA",4
"31","AUUCGGAUCCAGCCGCUGGUGGCGGGC","GCCACCAGCGGCUGGAUCCGAAUUCAC",4
"32","CCUACGGGUGUGUGCACGACAAAUUUC","AUUUGUCGUGCACACACCCGUAGGACC",3
"33","AGAAGGUUCCUGGCUGU","CAGCCAGGAACCUUCUC",1
"34","CUAACUGGCAAUACGAUGGAU","AUCCAUCCAUCGUAUUGCCAG",-4
"35","CGUGAUGGGGCUCUCGGAGUC","UUACGGACUCCGAGAGCCCCA",-5
"36","CUCAGCCUGGGAGUCCCGAGAG","UCGGGACUCCCAGGCUGAGCGU",3
"37","AGGAGGAGCUGAGGCGUUCGCGU","UGAUACGCGAACGCCUCAGCUCC",-4
"38","AGCAAGGUACUGGAUCGAACCCC","GAGGGGUUCGAUCCAGUACCUUG",-2
"39","UCAUCGUAUACUGGAGU","CAGUAUACGAUGACUCG",4
"40","GCACCAGAUACCGACAUCCAACG","GAUGUCGGUAUCUGGUGCUAUUC",5
"41","CGUGAAACGCGCGUCUC","AGAGACGCGCGUUUCAC",-1
"42","CGUCGAGUAUAAGAUUAGGUCUGAACU","UGGAUAGUUCAGACCUAAUCUUAUACU",-5
"43","AGGCCCAGCCGCGUGCCCA","GGAGUGGGCACGCGGCUGG",-4
"44","AGGGCUAAUAUGCGCUCUCC","GAGAGCGCAUAUUAGCCCUU",1
"45","GUGGGCAGCUGUUGUUGUUCUAA","CCUUAGAACAACAACAGCUGCCC",-2
"46","AAAUGAAUCCUUAUUCA","AAUGAAUAAGGAUUCAU",-2
"47","CAUGCUAUCCCGCAACUAGUU","UCGAACUAGUUGCGGGAUAGC",-3
"48","AGCAUUGCGCGAUGCUCUUAAUG","AAGAGCAUCGCGCAAUGCUGCUC",4
"49","GGAAGGGGCCAUAGCCUGGCUACUCU","CUGGUAGAGUAGCCAGGCUAUGGCCC",-5
"50","AGCUUCGCCCCGCUCGAUUUU","CGAGCGGGGCGAAGCUCGGAA",5
"51","AGUAAGUGAGCCGCUCUCACAC","UGAGAGCGGCUCACUUACUUGG",3
"52","UACACCUACUACCUCGCAAGGAGUG","ACUCCUUGCGAGGUAGUAGGUGUAA",1
"53","CAACAGAUCAGUAGGUGACUGGCU","CCAGUCACCUACUGAUCUGUUGGU",2
"54","CUUACCUCGGGGAUUCACGAA","UCGUGAAUCCCCGAGGUAAGU",1
"55","UCAAGUCUCUCCCCCAAACC","UCUGGUUUGGGGGAGAGACU",-3
"56","AUGAUGCCAAUGUCGUCCUCCCG","GUUGCGGGAGGACGACAUUGGCA",-4
"57","GAUACUUAGAACAGGCGGGUGCC","CCCGCCUGUUCUAAGUAUCGGAG",4
"58","CGCACGUUAGGCGGGAA","GCCUAACGUGCGUGGGA",5
"59","UACACACCUGGGGCGAGCUCCGU","AUACGGAGCUCGCCCCAGGUGUG",-2
"60","UAUGAUAAGGCGCGACUGAGGAGGA","GAUCCUCCUCAGUCGCGCCUUAUCA",-2
"61","GUCGUCAAUGUGACAUUUUAG","AACUAAAAUGUCACAUUGACG",-2
"62","GUACCGAUGAACGUUCUCUA","CAAGUAGAGAACGUUCAUCG",-4
"63","GCCGCUGGGCCGUUGAAAUCGUUCAU","ACUCUAUGAACGAUUUCAACGGCCCA",-5
"64","UCAUCGACAUGCAGUAGCUAU","UAGCUACUGCAUGUCGAUGAG",1
"65","CCAUACUAAGACGUGGUUC","CACGUCUUAGUAUGGAGUG",4
"66","AACGCGGAUAACCGGCGUCCUCCCCC","GGAGGACGCCGGUUAUCCGCGUUGUG",3
"67","GACCACACGACUUGUCGACUUGAGUU","UCAAGUCGACAAGUCGUGUGGUCCGG",3
"68","AGUGCUGCGGUCCAUGGGC","CCCAUGGACCGCAGCACUG",1
"69","CAGGCCCUAGCCCGCACCGUAGUAUUU","AAUACUACGGUGCGGGCUAGGGCCUGU",1
"70","CGUCGUCCGAGAGCCAA","GCUCUCGGACGACGGUG",3
"71","UAUGGCAAUUGCGCGGUAC","UACCGCGCAAUUGCCAUAU",1
"72","GGGCGCUGUUGGCAAGC","CACUGCUUGCCAACAGC",-4
"73","UCUAACUAGGGAACGUUAAG","CAUCUUAACGUUCCCUAGUU",-3
"74","CAUACAGACAGGCACUCCGCGCG","AUCGCGCGGAGUGCCUGUCUGUA",-2
"75","GAUUCUCCCCAUCGGUCGC","UGCGACCGAUGGGGAGAAU",-1
"76","AUACGAUGAGCUUAAUGUCCC","CAUUAAGCUCAUCGUAUAGAG",4
"77","GCAACACGAUACCUGCGCCA","GCGCAGGUAUCGUGUUGCGC",2
"78","AGUGCUUGCAACCCCAGGGAUUACCCC","AAUCCCUGGGGUUGCAAGCACUUACGU",5
"79","AAUUUGGGCCGGCAUCGUUUACG","AACGAUGCCGGCCCAAAUUAUAG",4
"80","UCCUUGACCGGUUGGGA","CCAACCGGUCAAGGAUG",2
"81","GCACGACCUGAGGCCUGAGGGAUUUC","CCCUCAGGCCUCAGGUCGUGCGGCCC",5
"82","UAGUAUCGAUUGAGCCGGGU","CCGGCUCAAUCGAUACUACG",2
"83","GGGGGUCCAACUGGAGGCCAGGAGGC","CCUCCUGGCCUCCAGUUGGACCCCCU",1
"84","AAGUUACCACCGUGAACGUU","UUCACGGUGGUAACUUCCAU",4
"85","GCAUGAACACGAACGUUCUAGACCUG","CUAGAACGUUCGUGUUCAUGCUACGU",5
"86","CUGGACCCCGGGAGAUACGCG","CAUUCGCGUAUCUCCCGGGGU",-4
"87","UCAUCGCUGCCUUGACGGAUGG","CAUCCGUCAAGGCAGCGAUGAA",1
"88","GGAACUUUAUCUACUGAUAAA","CAGUAGAUAAAGUUCCAUGUA",5
"89","CUAGCUCCACCGGCCCUAUCCAUAA","CAAUCUUAUGGAUAGGGCCGGUGGA",-5
"90","GCCGCAGGCGCUACCCCUGCUCCACAA","AUCUCUUGUGGAGCAGGGGUAGCGCCU",-5
"91","UCAUCGUUCCAGAGCUUGCGUG","CACGCAAGCUCUGGAACGAUGA",0
"92","AUAGUACUAACCCGAAGGCCUCCCUC","GCGAGGGAGGCCUUCGGGUUAGUACU",-2
"93","GUCUACGUCGAUCUCCUGUAAGU","AUACUUACAGGAGAUCGACGUAG",-2
"94","AAAAAAUAGAAUGGCCCGAUC","GAAGGAUCGGGCCAUUCUAUU",-4
"95","AUCGUUUGAAAGCGUUUCUCGG","CGAGAAACGCUUUCAAACGAUA",1
"96","CCGACAGUUUCGGGUAG","UCCUUCUACCCGAAACU",-5
"97","ACGCAGUGGGGGACAUA","AGGGUUAUGUCCCCCAC",-5
"98","CCCCUUACGUCUGGAGU","UAAACUCCAGACGUAAG",-3
"99","GUUCGCUUGUGCGAACACUGA","GCAGCUCAGUGUUCGCACAAG",-5
"100","AUGAGCAACACGCCCAUC","GGCGUGUUGCUCAUUAGU",4
"101","GCGGGGCCCGCGUGCUCGUU","GACAACGAGCACGCGGGCCC",-3
"102","ACGGCAAAGCGGGGUACC","AGGUACCCCGCUUUGCCG",-1
"103","UCAAGGAACCCUAUUCUACUGA","CAGUAGAAUAGGGUUCCUUGAG",1
"104","CAAGUUAAUACAUGACAUCAAGA","UGUCUUGAUGUCAUGUAUUAACU",-2
"105","UAAAUUCUGUGAGCGUCUCG","AAGCGCGAGACGCUCACAGA",-5
"106","UGUUGGGGGUAACGGGCCC","CCCGUUACCCCCAACAAUU",3
"107","UCAGUCCAGAGUGCCGCAC","UUGUGCGGCACUCUGGACU",-2
"108","UGGUGGGUAAAUGGCUAGU","CUAGCCAUUUACCCACCAG",1
"109","GGUCACACGAGCAUUGACCC","GGCAAGGGUCAAUGCUCGUG",-5
"110","GGAUCGUUAGAUUCGCUGGAUC","CUAGAUCCAGCGAAUCUAACGA",-3
"111","CCACCUUGAACUUGGUAC","AAGUUCAAGGUGGCCGAU",5
"112","AGAUCACGUUACGGCUUUUUUA","AAAAAAGCCGUAACGUGAUCUG",1
"113","AGAGCUUUGCCAGAUCU","AGAUCUGGCAAAGCUCU",0
"114","CAACGUACAAAUCCAGGUCACGAUUUC","UCGUGACCUGGAUUUGUACGUUGUUGC",4
"115","CUGCCUACGGCCAGGUCUGUUACGG","GAGGGCCGUAACAGACCUGGCCGUA",-5
"116","UUCUCCGUGUAUUCGCGUCAGUCGAGA","CUCGACUGACGCGAAUACACGGAGAAG",1
"117","UCUGUAAAUUGCUGCCUUAAUGAACCA","UUCAUUAAGGCAGCAAUUUACAGAGGA",3
"118","AGGGUAUUAACAUUUCAUUCGAACAC","UCGAAUGAAAUGUUAAUACCCUGUAC",4
"119","ACAAACUCUAAUCCACAAAGG","GCCUUUGUGGAUUAGAGUUUG",-1
"120","CUAAAGUGGUUCUGCCC","CUACGGGCAGAACCACU",-4
"121","CGAAGUUCAAAAUGUUAAC","CAUUUUGAACUUCGGGUAG",5
"122","GCCUUGUAAGAUCGCCUGGCUCUCUGU","GACAGAGAGCCAGGCGAUCUUACAAGG",-1
"123","AAAAUAACCGUUAGCAUCUA","GCCUAGAUGCUAACGGUUAU",-3
"124","CCUCUCGAUGUGGUCGUCUGGGGAAUU","GAUAGAAUUCCCCAGACGACCACAUCG",-5
"125","AAGGAGGGAGCUUCUGAAUUGGGAG","UCUCCCAAUUCAGAAGCUCCCUCCU",-1
"126","ACUGCCCUGUGUGAGUAAUAAAGUCU","ACUUUAUUACUCACACAGGGCAGUUA",2
"127","CAGAUAAUCGUUCUGGAAUAAAUCC","UAAUGGAUUUAUUCCAGAACGAUUA",-4
"128","CCUAUCGCCAGGCGGAUGUG","CAUCCGCCUGGCGAUAGGAU",2
"129","AUGUGGAGAGAGAUGAUC","CGAUCAUCUCUCUCCACA",-1
"130","GUAGCCAAAUACCCCGCCCGAUUGCA","UCGGGCGGGGUAUUUGGCUACGAUCC",5
"131","CCCCUAGGACAGCCAAUUCAUCUGC","UGAAUUGGCUGUCCUAGGGGAGUGU",5
"132","CGAGCAAUUCGUUGCGGCCUGUCACG","GUGACAGGCCGCAACGAAUUGCUCGA",1
"133","ACAUGGCCCAGCCUUAA","CCCUAUUAAGGCUGGGC",-5
"134","GUUAAAUAAUCGAAACGGAA","CCGUUUCGAUUAUUUAACUC",2
"135","UUAGCCUGACUGUCAGAAG","AUUUCUUCUGACAGUCAGG",-4
"136","UCGUGCCGAUAUACGGCCUUAGUAA","UAAGGCCGUAUAUCGGCACGAGUGA",4
"137","GAUGUCUCACCUGCAACAUGAAUUUCA","UGAAAUUCAUGUUGCAGGUGAGACAUC",0
"138","AUAUCUAGGGGCCGGACCUGACG","AGGUCCGGCCCCUAGAUAUAGUU",4
"139","AAUUAUUGGGCUGAUCAUGGUUA","CAUGAUCAGCCCAAUAAUUAUCC",4
"140","CGUUUCGCCUACGUCGA","CGACGUAGGCGAAACGG",1
"141","UCUCUCAUUGGAUUUAC","AGUAAAUCCAAUGAGAG",-1
"142","GAGAAGCUAAAGGAAAUAAUCA","UGAUUAUUUCCUUUAGCUUCUC",0
"143","UACAGCUUUUAAAGAUAGUCGUAGA","AACUCUACGACUAUCUUUAAAAGCU",-3
"144","CGCGUUAUCACUUCGAGUA","CUCGAAGUGAUAACGCGUC",2
"145","GUGUGCGAGAAUUGUCAC","AGUGACAAUUCUCGCACA",-1
"146","AACCUUGGGCUGUAAGUUCCAUCC","ACGACGGAUGGAACUUACAGCCCA",-5
"147","UUAUCACACGGGGGAUAGACACGCAUG","UGCGUGUCUAUCCCCCGUGUGAUAACC",2
"148","UUUAUUUAGUCAGCUGAACGA","CCUAAUCGUUCAGCUGACUAA",-5
"149","CAUGGUAGUGCAUAUAUGC","AUAUGCACUACCAUGAUGA",4
"150","AUCGUAAGACGGUUAUCC","GAUAACCGUCUUACGAUU",1
"151","CCCAAGCCGUUGUCCUGCAGGGGGGG","GUGCCCCCCCUGCAGGACAACGGCUU",-3
"152","AUGGAAGAGUAUGGUGAUG","UGAACAUCACCAUACUCUU",-4
"153","GGGAGAAAUUUCUGCCCCCUGUCG","GACAGGGGGCAGAAAUUUCUCCCC",1
"154","ACCAAGCGUGGCGAUCGUAUGCUAUA","UUAUAGCAUACGAUCGCCACGCUUGG",-1
"155","CCAUGUGCUCAGCUCAUCUAGAUUGAU","AUCAAUCUAGAUGAGCUGAGCACAUGG",0
"156","AGGCUUAACUGCCAAUUUUCGC","GCGCGCGAAAAUUGGCAGUUAA",-4
"157","CUACUCGGCGUGCCACGG","GGCCGUGGCACGCCGAGU",-2
"158","AUGUCUUUAGUAAGCACCCUUGGC","GGGUGCUUACUAAAGACAUGCUGG",5
"159","UUUUCCAGGCGAAUGGACCACCCCGAA","UUCGGGGUGGUCCAUUCGCCUGGAAAA",0
"160","UCGUGAUAAAGCGUUGACCCAAGGAG","UGGGUCAACGCUUUAUCACGAGAUAU",5
"161","UCGGUCGUCUAUGUUUA","AAACAUAGACGACCGAA",1
"162","AAGAGGGCCUUCUUGCAGUCCCAC","GCUCGUGGGACUGCAAGAAGGCCC",-4
"163","GGGCUGCGGGACUAACCGGGGUACU","CGCGAGUACCCCGGUUAGUCCCGCA",-4
"164","GUGUAAACAGGAGCGCGGGGAAACAU","GUCAUGUUUCCCCGCGCUCCUGUUUA",-3
"165","GCAGCAAGAUUUGUACC","GUAAGGUACAAAUCUUG",-4
"166","GCGCUAGCGAUAGGCCUAAU","UUAGGCCUAUCGCUAGCGCG",1
"167","GUUCCCACAAUGAGGCAGU","ACUGCCUCAUUGUGGGAAC",0
"168","CGUUUCCUCACUGAAGAUCCUUCA","GAUCUUCAGUGAGGAAACGCGCGU",5
"169","CUGGGGCGUGAGACUUUUGACGUUUAU","UAAACGUCAAAAGUCUCACGCCCCAGU",1
"170","GUAUCCGGUCCGGGCUCACCUUGGC","CUGCCAAGGUGAGCCCGGACCGGAU",-2
"171","CAAAGGUAAGACUGCGGU","AGUCUUACCUUUGACCUA",5
"172","UUAACCUGUUCCUUGUAUG","UACAAGGAACAGGUUAAUU",2
"173","UGAUGCCCUCGAUCUGAUACC","CUAGGUAUCAGAUCGAGGGCA",-3
"174","CAGAUCCGUAUUAUUGC","GCAAUAAUACGGAUCUG",0
"175","CUACCUUAUUUAGCGUUA","GCUAAAUAAGGUAGAGUA",4
"176","UUAGCUUGCGUCUCGUCGG","GUACCGACGAGACGCAAGC",-3
"177","GCCCGGUAGCUAUAAUUUAGG","UUCUCCCUAAAUUAUAGCUAC",-5
"178","AAAGUCUAAUACGGCCCUUACCUU","GAAGGUAAGGGCCGUAUUAGACUU",-1
"179","CUCAUCUACACAAUCUAAGUAC","AGGGGUACUUAGAUUGUGUAGA",-4
"180","UCGAAUGUUGAGUGCACACGUU","CCGUAACGUGUGCACUCAACAU",-4
"181","GAUAGGGUCUUCGCGGAGGG","CGUCACCCUCCGCGAAGACC",-5
"182","CACCAGAAUAACCGCCGGUGGC","CGGCGGUUAUUCUGGUGGAGAU",5
"183","CGAACGAGGUCUCACGGCUGAGC","UCAGCCGUGAGACCUCGUUCGGG",2
"184","ACGCAUUCCUCGAAUGG","CGAGGAAUGCGUAUGGG",5
"185","CCCCUAUCACUAACCAGUCA","UCUGACUGGUUAGUGAUAGG",-2
"186","GGAUUUACGGGACUUUAGCUAG","AGCUAAAGUCCCGUAAAUCCAG",2
"187","CACACUCACCGGGAAGUAUCAAGCC","CGUUGGGCUUGAUACUUCCCGGUGA",-5
"188","AGUGGUAGACCCUUGAAGAUGCUA","GCAUCUUCAAGGGUCUACCACUGG",2
"189","UUCCUAAUCCCACGAGA","CUCGUGGGAUUAGGAAC",1
"190","GGACGUAGAGCACUACAGACAUC","CUGUAGUGCUCUACGUCCACCCG",5
"191","AACGGGUGACUCAGUAAUUAUAC","AAUUACUGAGUCACCCGUUGACU",4
"192","CCCCGAGUGGAUGCUGUCACUCACAAA","UUGUGAGUGACAGCAUCCACUCGGGGG",1
"193","AGGGUGGCACUAAAAGAUC","CUUUUAGUGCCACCCUUAC",3
"194","GACUCUCUGGGACCAACCA","CUGGUUGGUCCCAGAGAGU",-1
"195","UAGUAAAAUUAUUAUGCAG","GAACUGCAUAAUAAUUUUA",-3
"196","AGUAAUGCUCAAGCCGACUCCUU","GUCGGCUUGAGCAUUACUAAUGC",5
"197","UGGAGUAGCAUUUGGGUCGAU","UCGACCCAAAUGCUACUCCAC",1
"198","GCACGCGGAAGGCGACUAGG","ACCUAGUCGCCUUCCGCGUG",-1
"199","AUCUUCGCGGAGACUCGAG","UCGAGUCUCCGCGAAGAUU",1
"200","AUCUCUCAGUACCCACCCUGUCAC","GACAGGGUGGGUACUGAGAGAUAA",2
